home_Gls,Away_Gls,goals_difference,shots_difference,SoT_difference,tackles_difference,touches_difference,xG_difference,home_side_rank,away_side_rank,rolling_points_difference,rolling_points_home_difference,rolling_points_away_difference
0,2,,,,,,,13,1,,,
1,0,,,,,,,1,13,,,
0,2,,,,,,,13,1,,,
0,3,,,,,,,13,1,,,
4,0,,,,,,,1,13,,,
2,1,,,,,,,1,13,,,
1,2,,,,,,,13,1,,,
0,0,,,,,,,9,9,,,
2,0,,,,,,,1,13,,,
2,2,,,,,,,9,9,,,
3,2,-2,-1,-5,-10,-129,-1.3,8,8,-3,,
1,3,-2,-3,1,-8,12,0.2,12,1,-2,,
0,0,-1,-5,-1,8,-104,0.5,12,12,0,,
3,2,3,3,0,-10,261,1.6,1,17,3,,
0,2,-2,-6,2,3,-289,-3,8,1,0,,
2,1,2,-9,2,10,74,0,7,12,0,,
1,0,-1,1,0,1,-20,0.7,8,12,-1,,
5,1,2,11,7,-19,169,1.5,1,17,3,,
3,1,2,0,-1,-1,-80,1.4,1,17,3,,
0,2,-1,-6,0,12,-135,-1.3,17,1,-3,,
2,0,1,7,2,-3.5,-3.5,1.1,9,20,0,,
2,2,-0.5,-0.5,-2.5,-10,-36,0.3,4,8,1,,
4,2,0,0.5,0,7,116,0.2,9,17,-0.5,,
0,0,0.5,-5.5,0.5,-1.5,-46.5,-0.7,17,14,-0.5,,
1,0,1.5,11,5.5,-1.5,314,2.4,1,9,1.5,,
0,3,-0.5,-12.5,-4.5,0,-78.5,-1.1,9,1,-1.5,,
1,1,-2.5,-5,-3.5,-1,-312.5,-0.4,14,4,-2.5,,
0,2,-0.5,7,0.5,-8,-177,0.5,17,7,-1,,
2,1,1.5,4,-0.5,0,17,0.7,1,9,1.5,,
1,1,-2.5,-13.5,-8,10,-105,-1.9,14,4,-2.5,,
2,2,-0.7,-11,-5.7,5.3,-220,-0.3,12,12,0,3,0
0,2,-0.3,-0.7,-0.3,-1,-135.7,-0.4,19,7,-0.66666666666666674,-3,1
2,3,-1.3,-1.7,-4.6,4,-124.6,-0.4,16,7,-0.33333333333333337,1,0
2,0,0.6,5.4,2,2.3,386.3,0,3,6,0,0,0
0,2,0.7,-4.6,1.3,5.6,64,-0.2,15,12,0.66666666666666674,-1,3
1,1,1.7,5.4,4,2.4,101.4,0.7,7,16,1.3333333333333335,3,1
1,2,-1,-9.6,-3,-3.4,-229,-2,7,1,-1,0,-3
2,1,2,11.6,6.3,-9,338,1.5,3,16,1.666666666666667,3,2
2,0,-0.4,-2.6,-1.7,0.4,-178.4,-1,1,5,0,,
0,1,-1,-5,0,2,-79.3,-0.6,20,11,-0.66666666666666663,-1,0
2,2,0,0.5,-1.2,-5.8,-133.3,0.6,8,10,0.25,-1,1.5
4,1,1.8,6,3.5,-4.5,441.3,0.4,2,17,2,2,2.5
1,2,1.8,3.5,1.5,0,44.8,0.5,11,16,1.5,2,1
0,1,-0.3,-6,-3,3.5,-90,-0.9,17,11,-0.25,0.5,-1.5
3,0,0.7,7.8,2.5,-8.2,131.2,1.1,2,15,1.5,3,2.5
1,2,-1,-5.7,-4.7,0.8,-201,-0.7,17,5,-1,0.5,-0.5
2,2,-0.5,7.5,2.2,-5.7,2,0.2,13,13,0,-2.5,0
1,2,-0.3,-1.3,-0.2,1,-85.8,-0.6,5,1,-0.75,0,0
1,2,0.8,-2.5,-0.2,5.5,-168.5,-0.7,4,5,1.5,0,
1,0,0.2,0.7,0.2,4.3,65.5,0.1,8,20,1,1,-0.5
2,0,0.2,1.8,2.4,-4.4,68.6,0.4,5,12,0.60000000000000009,-0.5,0.5
1,2,-0.4,-6.6,-3.2,0,-187.4,-0.3,13,5,-0.8,-1,-2
4,0,-0.8,1,0.4,2.4,59.4,-0.6,16,10,-1.4000000000000001,-2,-1
0,5,-2,-12.6,-7,8.6,-417.6,-1.9,19,2,-2.2,-2.5,-1.5
0,0,0,3.4,2,-0.2,103.6,0.5,11,18,0.79999999999999993,-0.5,1
1,1,-0.6,1.4,1,-5.2,154.8,0,13,4,-1.5999999999999999,-1.5,-2.5
3,1,1,2.2,2.2,-1.4,107.4,0.7,7,19,0.99999999999999989,1,1
2,0,1.2,2,3.2,5,221.6,0.8,1,13,2,2.5,1.5
1,1,0.6,-2.2,1.2,-4.4,35.4,0.4,7,9,0.19999999999999996,0.5,0
0,0,-2.2,-10.8,-3,5.8,-359.2,-1.1,16,3,-2,-3,-2
1,0,0.4,3.2,1.8,-4.4,192.2,0.5,3,6,0.39999999999999991,-1,-0.5
2,1,0.8,-1.4,-0.2,-6.2,-80,0.2,9,12,0.19999999999999996,1.7,-0.5
1,2,-0.8,0,-0.6,0.4,-127,-0.3,19,12,-0.19999999999999996,0.3,0.2
1,1,0.2,4,0.4,-6.4,169.2,-0.2,3,1,-0.79999999999999982,0,-1
3,0,-0.4,-1.2,-1,6.6,-59.4,-0.2,11,14,0,-0.19999999999999996,0.7
0,2,-1.2,-5.6,-3,1,-194.4,-1,19,3,-1.4,-2.7,-1.7999999999999998
2,0,1.6,16.8,6.6,-7.8,423.2,1.6,1,14,1.6,1,1.7
0,2,-1.2,-5.4,-2.4,-1.6,-190.6,-0.5,18,6,-1.4,-1.2,-0.8
1,1,-1,-7,-3,7.8,-179.2,-0.9,14,9,-0.59999999999999987,-1.2,-2
2,0,-0.2,3.4,1.6,2.2,81.2,0,8,14,0.8,1.2,0.5
1,0,0.4,-0.2,0.4,-4.6,-59.8,0.3,12,15,-0.6,1,-0.7
1,1,1.2,-0.8,-0.6,-3.6,-46.4,0.5,12,18,0.79999999999999993,0.7,0
0,1,-0.6,-3.8,-2.2,1.4,28.2,-0.4,14,6,-1.4000000000000001,-1.4,0.7
1,5,-0.6,0.2,-1.4,0.6,-82.2,-0.2,15,3,-2,-0.7,-1.7
1,2,0.6,-1.2,1.6,-0.4,70.4,0.2,9,11,1,0.7,0.60000000000000009
0,0,-1,-9,-2.6,5.4,-177.6,-1,1,1,0,0,0.70000000000000018
3,2,0.6,10.2,3.8,-10.8,242.6,1.1,7,18,1.2000000000000002,1,1.3
0,3,-0.8,-4.2,-1.2,6.2,-334.4,-0.3,15,3,-1,-2.3,-0.7
1,0,0.8,-0.2,1.2,3.8,247.2,0.5,3,20,1.6,1.2,1.9999999999999998
0,4,0,1.4,1.8,7,-23.8,0,9,7,0.39999999999999991,0.59999999999999987,1
3,0,0.8,-1.2,0.4,-5,51.6,-0.3,3,11,1.6,0.29999999999999982,0.19999999999999996
0,0,0.8,-3.2,-0.4,-8.4,-0.2,0.3,7,15,0.59999999999999987,1.3,0.19999999999999996
4,2,0,-2.2,0.2,-2.6,-226.8,-0.1,16,16,-0.4,-1,0
2,2,0.2,3.6,-1.2,0.6,108.4,0.3,5,7,0,1.2,-0.10000000000000009
2,0,1,2,1.4,-0.2,-65,0.2,7,14,0.59999999999999987,1.5,-0.8
0,1,-0.8,0.4,-1.2,1.2,-89.8,-0.9,19,1,-1.8000000000000003,-2.7,-2.2
5,0,1,13.8,4.6,-1,386.6,1.8,1,13,1.2000000000000002,2,1.2999999999999998
0,1,-0.4,-1.4,0.4,6.2,13.6,-0.6,19,12,-0.8,-1,0.39999999999999997
0,1,-0.6,-4.4,-2.2,3,-177,-0.6,16,3,-0.8,-1,-1.4
0,2,0.4,3.4,1.4,0,102,-0.1,7,6,1.8,-0.29999999999999982,0
1,0,0,-8,-2.2,-3.4,-167.4,-0.6,11,9,-0.60000000000000009,-0.19999999999999996,-1.5
0,4,-0.6,-10.6,-3.2,3.4,-338,-1.4,13,3,-0.40000000000000013,-1.5,-1
2,2,-2.2,-1.6,-1.6,3.4,-93.4,-0.5,13,3,-2.2,-1.9999999999999998,-0.79999999999999982
0,3,-0.8,2,-1,6.4,32.8,-0.8,17,7,-1.4000000000000001,-1,-1.2
1,1,1,3.6,2.6,-3.2,87.8,0.6,11,16,0.39999999999999991,1,1
4,1,0,0.4,0.6,2.8,295,0.3,1,17,1.6,2.2,2.2
2,1,0.2,-5,0.4,-6.2,90.6,-0.3,7,9,0,0,0.5
0,0,-0.2,-0.4,-0.2,-1.6,-5.6,0.1,15,19,0.2,0.2,0.30000000000000004
0,1,-1.6,-8.4,-3.4,-0.2,-154.4,-1.4,5,1,-0.20000000000000018,-1,0.39999999999999991
3,0,0.4,-0.6,1.8,2.4,-87.8,0.9,6,20,0.60000000000000009,1.5,0.8
1,1,1,-1.8,1,3.8,-81.2,0,5,2,0.39999999999999991,-0.10000000000000009,-0.30000000000000027
1,2,0,-1.8,-2.6,-5.4,-79.4,0.5,8,6,0.19999999999999996,0,-0.10000000000000009
0,1,-0.2,-2.4,-1.2,-4,-238.4,-0.2,19,10,-0.79999999999999993,-0.7,-1.0999999999999999
3,1,1.4,7.2,3.4,-11,174.4,0.9,3,14,1.4,1.9000000000000001,0.8
3,1,0.8,9.6,3.8,3.8,189,0.9,8,12,0,0.19999999999999996,0.5
0,0,-0.4,0.2,1,2.4,2.8,-0.4,20,18,0,-0.8,0.3
5,1,2.6,5.6,2.8,-4.4,303.6,1.6,1,16,2.2,2.5,1.2
1,0,-0.8,-0.4,-0.8,2.6,-12.6,-1,16,7,-0.99999999999999989,-1.6,-1.3
3,2,-1,2,-0.4,8,59.4,0.2,13,14,-0.79999999999999993,-0.6,0
2,3,-0.4,2,0.8,0.8,-109.8,-0.5,11,4,-1,-0.39999999999999991,-0.59999999999999987
1,1,1.4,-2.8,0,0.4,132,0,5,11,1.0000000000000002,1,0.89999999999999991
2,1,0.4,7.4,2,-1.8,20.2,0.6,16,12,-1.2000000000000002,-1.2000000000000002,-0.5
0,0,0.4,1.8,0.8,-4.6,223.8,0.4,4,8,-0.19999999999999973,0.20000000000000018,1
0,1,-0.6,-0.8,-2.2,3.2,-60.6,-0.2,16,3,-2.1999999999999997,-1.6,-1.2
1,1,-0.8,1.8,0.6,0.8,89.4,-0.4,20,13,-0.6,0,-0.30000000000000004
0,0,0,6.8,2,0.4,165.6,0.9,9,15,0.59999999999999987,0.39999999999999991,0.79999999999999993
2,0,0.8,1.6,1.6,-1.8,106,0.7,2,19,1.6,1.6,2.2
3,1,0.6,4.6,0,-0.8,164.2,0.5,1,6,0.39999999999999991,1.2,-0.20000000000000018
2,1,-1.4,1.6,-0.6,7.2,-16,-1.1,13,9,-1.2,-1,-1.3
1,1,-0.8,0.8,1.6,0.8,-99.8,-0.7,16,7,-0.79999999999999993,-1.2000000000000002,-0.59999999999999987
1,1,-0.6,-0.4,-0.6,-7.2,-182.8,0.5,9,5,-0.40000000000000013,-1.4000000000000001,-0.19999999999999996
1,1,0.4,-8.6,-2,1,-181.2,-0.7,12,9,0.8,0.60000000000000009,-1.2
1,1,-0.4,-8.8,-2.8,-3.6,-95.8,-0.7,14,13,-0.99999999999999989,0,0
1,0,0.2,1.4,0.6,4,141.8,0,6,18,0.8,1.4,0.8
3,2,0.2,-2,-2,-1.2,136.2,-0.6,16,18,-0.39999999999999997,0.20000000000000007,-0.4
0,0,1.4,2.4,3,-4.2,48.8,0.7,6,16,1.8,1.6,1.6
3,1,-1.2,-8.4,-2.2,2.6,-171.8,-1,3,4,0.19999999999999973,-0.70000000000000018,0.19999999999999973
0,3,-0.4,-1.6,-0.6,-0.2,-147.8,0.1,8,2,-0.80000000000000027,-0.8,-0.80000000000000027
0,4,-1.8,-3.4,-3.2,5,-207.4,-1,14,1,-1.6,-2,-1.4000000000000001
0,2,0.4,-0.2,0.2,-0.8,-62,0.7,11,18,0.20000000000000007,0.99999999999999989,0.99999999999999989
4,2,0,3,-0.6,3.2,153.2,0.1,5,3,-1,0.70000000000000018,-1
2,1,0.8,-2.4,-1.2,-5.6,-147,-0.2,15,12,1,-0.19999999999999996,-1.4000000000000001
2,0,1,8.4,2.4,-0.4,265.6,1.1,4,18,0.8,1,2
2,0,0,2.6,0.6,6.2,-2.8,0.4,14,17,0,-0.4,-0.20000000000000007
1,2,-0.4,5.8,2.8,8.4,163,-0.1,20,11,-0.39999999999999991,-1.6,-0.4
2,0,-0.6,3.4,0.4,0.6,-1.4,0.2,7,9,-0.19999999999999996,-0.8,1
1,0,0.8,1,1.2,-3.6,166.8,0,2,7,0.60000000000000009,0.60000000000000009,1.2000000000000002
3,1,2.4,5,3.4,-0.4,247,1.2,1,10,2,1.8,1.0000000000000002
0,3,-0.2,4.8,0.8,-3.4,57.4,0.2,15,13,0.60000000000000009,0.19999999999999996,-0.4
2,2,-0.6,3.6,0.2,-3.2,-67,-0.5,18,6,-1,-1.4,-0.8
1,1,0.6,-1.6,-1.6,-9.4,-25.6,0.5,10,19,-0.19999999999999996,0.79999999999999993,0.19999999999999996
3,1,0.2,-6,-1,-1.6,-12.8,-0.4,9,14,0.39999999999999991,1.2000000000000002,0
1,3,-1.6,-8.4,-3.6,-0.4,-234.4,-1.2,17,2,-2.2,-1.6,-1.4000000000000001
1,1,0.2,-1.8,1,1.2,6,0.3,7,14,-0.20000000000000018,1.2,0.4
1,1,-0.4,-4.6,-1,0.2,-33.8,-1,17,7,-1,0.39999999999999991,-1.4000000000000001
2,1,-0.4,-2.2,1.4,-1.4,-118.4,0.2,6,5,0.20000000000000018,-0.60000000000000009,-0.60000000000000009
3,1,0.6,-5.6,-0.4,1.6,59.8,0.2,3,19,1.2000000000000002,1.2000000000000002,2.8
1,2,-2.4,-4,-3.2,0.4,-259.6,-0.7,10,1,-2.2,-1.8,-1.2000000000000002
3,1,0.6,-0.8,1,2.8,69.8,0.2,13,16,0.40000000000000013,-0.19999999999999996,0.8
2,1,-1.2,-0.8,-1.2,2.4,-272.2,-0.2,12,4,-1.8,-0.60000000000000009,0
1,0,0.6,0.6,-0.6,-3,148.8,0.6,5,19,0,1.8000000000000003,1.2000000000000002
0,3,-1,-6.4,-3.6,0.2,-218.8,-1.1,11,1,-2.2,-1.4000000000000001,-1.0000000000000002
1,0,-0.8,-1.2,-0.2,-3.2,-13.6,0.1,15,10,-0.99999999999999989,-0.60000000000000009,-0.39999999999999991
1,0,-0.4,-3,-3,-0.6,-89,0.2,14,19,0.79999999999999993,1.2000000000000002,0
2,0,-2,0.2,-1.6,3.8,-48.2,-0.9,4,2,-1.6,-1.2,-1
2,1,0.6,2.4,0.6,3.4,73,0.1,7,11,1.4000000000000001,1.4000000000000001,0.19999999999999996
0,2,-1.4,-0.2,-3,0.2,-57.2,-0.1,8,3,-0.59999999999999987,-0.19999999999999996,-0.79999999999999982
4,1,0.6,-0.8,0.6,3,96.2,0.7,6,18,0.60000000000000009,0.80000000000000027,1.4000000000000001
1,2,-0.2,1.8,0.2,-2.6,5.2,0,16,9,0.8,0,-0.4
3,2,1.2,-4,0.4,1.2,-34.6,0.4,13,16,1.2,0.99999999999999989,0.8
1,2,0.2,-2.4,-1.6,-1,-184.2,-0.3,12,4,0,0.19999999999999996,-0.19999999999999996
1,0,0.2,3.8,1.4,-2.4,59.8,0,14,9,-0.39999999999999991,-0.60000000000000009,-1.4000000000000001
0,2,-1,1.8,-0.2,-2,-37.8,-0.5,19,11,-1.2,-0.39999999999999991,-1.4000000000000001
0,1,0,-1.2,0,3.6,17.8,-0.5,20,14,0,-0.79999999999999993,0.19999999999999996
3,1,0.6,3.4,0.8,-5.2,124.6,0.8,1,6,1.4,0.39999999999999991,1.0000000000000002
3,1,1.6,2,2,-2,260.4,0.7,2,7,0.79999999999999982,0.39999999999999991,1.8
3,2,-0.4,0.8,1.2,0,-127.2,-0.6,18,5,-1.2000000000000002,-1.4000000000000001,-1.4000000000000001
1,0,1.6,2.2,2.2,3.2,115,0.5,3,17,1.4,0.8,1.5999999999999999
3,2,-0.6,-2.8,0.2,0,63,-0.5,9,16,-1.6,-1.2000000000000002,0.8
2,0,0.4,4.2,1.6,5.4,18,0.5,8,13,0.99999999999999989,0,-0.19999999999999996
3,1,1.2,6.2,1,2,199.2,0.8,5,18,0.59999999999999987,1.2000000000000002,1.4000000000000001
2,0,-0.8,-3.2,-0.6,-9,-71,-0.5,11,13,-0.99999999999999989,-1.4,0
1,5,-0.6,-0.8,-3.4,-3.6,-225,0.4,17,6,-0.40000000000000013,0.19999999999999973,-1
0,1,0.8,3,1.6,-2.4,183,0.3,4,7,0.8,0.60000000000000009,0.39999999999999991
2,6,-1.2,0.2,-1.6,0.6,-12.6,0,7,3,-1,0.8,-1.5999999999999999
1,3,-0.8,-2.4,-1.6,1.4,29,-0.3,20,16,0,-0.4,0.8
2,3,1.2,-1.6,1.8,-1.8,240.2,0.9,2,14,1,2,2.4
0,0,-0.2,-1.6,-0.6,-1,-8.4,-0.1,15,19,0.19999999999999996,0.19999999999999996,0.60000000000000009
0,2,1.2,-1.8,1.2,2.8,-47.2,0,12,7,1.7999999999999998,1.2000000000000002,0.8
0,2,-1.2,-7.2,-3.4,5,-219.2,-1.1,10,1,-1.2,-1.4000000000000001,-1.6
1,1,-1,-3.2,-1,2.2,-95.8,-1,13,5,-0.60000000000000009,-0.20000000000000018,0.19999999999999996
1,5,-0.6,-3.8,-0.6,1.8,-143,-0.4,18,7,-0.20000000000000007,-1.6,-0.60000000000000009
0,0,0.4,2,1,1.8,179.8,-0.5,14,16,0.60000000000000009,-1,0.2
1,1,-1,1.6,-0.2,-5,14.2,-0.3,19,9,-1.4,-0.39999999999999991,-1.2
2,1,-1.2,-5.4,-2.4,5.4,-321.6,-1,7,3,-0.40000000000000013,-2,-1
4,0,1.8,8.8,3.2,-3.6,229.8,1.5,1,15,2,1.4000000000000001,1.4000000000000001
3,1,2.2,-0.8,3,2.4,43,0.6,5,20,1.8,2.2,0
1,2,-0.4,2.2,-1.2,-2.8,-14.2,-0.3,16,11,-1,-0.60000000000000009,-1.4000000000000001
5,0,2,3.6,3.2,4.6,115.6,1,2,12,1.5999999999999999,1.7999999999999998,1.2
1,2,0,-1.4,-0.8,0.4,-182,0.1,9,4,-0.60000000000000009,-1.0000000000000002,-1
1,0,-1.2,-2.2,-0.8,7,-56.8,-0.6,11,7,-0.59999999999999987,-1,0.39999999999999991
2,0,-1.2,-4.4,-3.2,-2,-151.6,-0.1,17,11,-1.7999999999999998,-1,-2
0,1,0,1.4,-0.8,2.2,-172.4,-0.3,14,4,-0.40000000000000013,-0.60000000000000009,-1.6
1,0,0,-1,0.4,-7.2,-99.4,0.2,18,20,0.39999999999999997,0.6,-0.60000000000000009
0,1,-0.2,1.2,0.4,4.4,127.2,-0.6,7,15,0.59999999999999987,-0.79999999999999982,0.8
5,1,1.4,8.6,3.8,-2,93.8,0.8,1,6,1.6,0.79999999999999982,2
4,1,2.4,3,5,5.4,97.4,1,5,13,1.5999999999999999,2,0.4
1,2,0,-1.4,-0.4,0.8,-263.2,0,18,2,0,-1.8,-1.6
1,3,2,1.6,1.2,-6.8,121,0.3,3,7,1,1.2,1.4
1,1,1,4,1.4,1.2,70.4,1,10,16,0.19999999999999996,0,-0.39999999999999991
4,1,1,0,0.2,1.6,164,0.2,6,19,0.39999999999999991,1.2000000000000002,0.19999999999999996
2,3,-1,-1.8,-1.4,-6.6,-32,-1,13,8,-0.79999999999999993,-0.19999999999999996,-0.20000000000000007
0,3,-2,-1.4,-1.4,1.6,-329.2,-0.3,16,3,-1,-0.59999999999999987,-2.1999999999999997
0,0,-0.2,0.8,-0.4,-2.8,275.4,0.1,4,18,1.2,0.8,1.2000000000000002
0,1,1.4,0,0,-7.6,-7.6,0.3,9,7,0,0.39999999999999991,-0.8
1,2,-0.6,0.6,0.6,-0.6,133,-0.9,20,15,-1.2,-0.4,0.60000000000000009
2,1,-1.8,-4.2,-2.4,2.2,63,-1,2,1,-1.8,-0.60000000000000009,-0.8
0,2,-2.8,-5.2,-5.2,0.8,-224.2,-1.5,17,5,-1.4,-1.2000000000000002,-0.19999999999999996
0,2,0.8,2.2,2.2,0,36.2,0.4,12,11,1,0.19999999999999996,1.6
0,2,0.4,0.8,2.4,1.6,70.2,0.4,9,14,0.60000000000000009,-0.40000000000000013,0.19999999999999996
0,1,-2,-7.4,-3.4,5.4,-228.8,-1.8,11,1,-1,-1.4,-1.7999999999999998
1,1,0.6,0.4,0,4.6,-39.4,0.6,15,19,0.19999999999999996,0.39999999999999991,0
0,0,0.2,-3,-0.8,-1.4,-207.6,0.2,16,20,0.8,1.4,-0.60000000000000009
2,1,0.6,4,1.8,-5.6,368.6,0.9,4,18,1,0.20000000000000018,0.60000000000000009
0,2,-0.8,0.6,-2.2,2.4,-63.4,-0.2,14,7,0,0.19999999999999996,-0.59999999999999987
2,0,0.6,-1.2,-1,1.8,-18.8,0.2,8,13,0,0.39999999999999991,0.8
1,2,-0.8,1.4,-0.6,2.4,64,0,8,16,0.40000000000000013,0.19999999999999996,0.8
2,0,0.8,2.2,1,-7.6,185.4,0.6,2,10,0.40000000000000013,1.2,0.19999999999999996
0,1,0.2,0,-2,-5,48.2,-0.7,3,5,0,-0.20000000000000018,1
1,0,-1.4,0.8,-0.6,3.2,-127.2,-0.9,11,6,-0.19999999999999996,-1.0000000000000002,1.8000000000000003
2,0,0.8,-2.4,-0.4,-1.2,-186.4,0.4,6,5,-0.60000000000000009,1,-1.4
2,0,0.4,1.4,0.8,-2,-21.6,0.1,13,11,-0.6,-0.19999999999999996,-2
0,2,-2.2,-4.4,-3.2,-2.4,-205.2,-0.3,19,3,-0.60000000000000009,-0.79999999999999982,-2.1999999999999997
0,3,-1.2,-3,-2.2,2.8,-281.8,-1.1,20,2,-1.6,-2.1999999999999997,-1
4,3,1.6,-2,2.4,-5.8,219,1.1,1,14,1,1.6,1
2,1,2.2,3.8,4.8,-3.4,234.4,1.4,4,11,1.6,1,0.19999999999999996
3,0,0,1.8,-0.6,6,96.2,-0.3,16,18,-0.6,-1,0.39999999999999991
1,1,-0.4,-5.4,0.2,5,-117.6,0.1,16,8,0.19999999999999996,-0.39999999999999991,0
0,0,0.4,-0.6,-0.6,-1.2,15.2,-0.4,7,15,0.60000000000000009,-0.59999999999999987,0.59999999999999987
4,2,-0.2,-3.2,-1.6,2.2,43.2,-0.5,9,9,-1,-0.19999999999999996,0
2,1,1.4,3.4,2,0.8,224,1.2,6,18,0.39999999999999991,1.2,-0.4
4,0,0,1,1.2,2,-332.8,0.1,11,5,-1.4,-0.20000000000000018,-1.8
4,2,-0.2,1.4,0.8,-4.8,32.2,0.4,18,12,-0.39999999999999991,-0.60000000000000009,-1
0,1,-1.2,-3,-0.6,1.4,-48.6,-0.4,20,7,-1.2,-1.4,0
1,1,1.8,-1.6,1,-3.8,187.6,1.1,1,10,1.2,1.6,1
2,2,1.2,1.6,3.4,-2.8,164.2,0.1,4,16,1.4,1.6,0.59999999999999987
2,1,-1,-3.2,-2.2,7.4,-366.6,-1.1,14,2,-1.5999999999999999,-1.5999999999999999,-0.60000000000000009
1,1,0,-7,0,1.8,-104.2,-0.4,17,14,0.19999999999999996,-0.39999999999999991,-0.39999999999999991
2,1,0.8,2,3,-0.4,236.4,0,3,9,0.19999999999999996,1,0.59999999999999987
3,0,1,-1,0.4,6.8,6.2,0.1,8,12,0.19999999999999996,0.60000000000000009,-0.19999999999999996
0,0,-0.2,-0.8,0.8,2,-21.8,-0.1,11,9,-0.40000000000000013,0.59999999999999987,-0.60000000000000009
1,1,0.4,4,1,-5.6,19,1.1,15,17,0.60000000000000009,0.39999999999999991,-0.59999999999999987
2,0,-1.4,-3,-4,0.4,-92.8,-0.9,17,11,-0.39999999999999991,0,0.8
5,0,0.4,2.6,2.2,-1.6,248.8,0.1,5,20,1.2,2,1.4
2,0,-0.2,-2.2,-1.6,11.2,-56.6,-0.6,14,19,-0.59999999999999987,0.39999999999999991,0.79999999999999993
1,3,-1.2,1.6,-1,-1.2,41.8,-0.1,8,7,-0.40000000000000013,-0.40000000000000013,-0.59999999999999987
0,1,-1.2,-3.8,-2.4,6,-118.6,-0.9,10,4,-1.8,-1.8,-0.60000000000000009
3,1,0.2,1.6,1,-5.2,232.6,-0.2,2,6,0.59999999999999987,-0.60000000000000009,1.6
1,0,0.2,4.4,2.4,-6.6,317,0.4,3,15,0.40000000000000013,1,1.4
1,1,-2.2,-3.2,-3.2,-2.6,-237.8,-1.5,11,1,-1.4,-1.2,-0.59999999999999987
1,3,-0.2,0.8,-0.4,2.6,7.6,-0.6,12,15,-0.59999999999999987,-0.39999999999999991,0.19999999999999996
1,1,1.2,5.4,2.2,11,9.4,0.9,14,11,0.59999999999999987,-0.40000000000000013,0
0,3,-0.4,-4,-3,0.2,-42.8,-0.5,19,4,-1.8,-1.6,-2
1,2,-1.6,-2.4,-2,-0.2,-32.2,-1.3,20,6,-1.6,-3,0.2
3,0,0,-1.8,-0.8,-2.4,258.4,0.2,1,12,0.40000000000000013,1.2000000000000002,2.4
6,0,0.8,0.4,1,-3.6,-5.2,0.8,2,5,1,0.39999999999999991,0
1,2,0.4,-1,1,2.8,109.8,0,18,16,0.59999999999999987,-0.39999999999999991,0.59999999999999987
3,1,0.6,3.4,0.4,-2.6,239.2,0.3,3,10,1.5999999999999999,0.60000000000000009,1
1,0,0.2,-2.4,-1.2,-1.6,-116.2,-0.1,8,9,0.20000000000000018,-0.39999999999999991,0.40000000000000013
1,1,0.8,-0.4,1.2,0.2,61.8,0.4,7,17,0.60000000000000009,1,0.59999999999999987
2,0,0.2,-0.8,-0.8,-1,40.2,0.1,6,18,0.60000000000000009,2,-1.4000000000000001
1,1,-1,-2,-1,-1.6,5.4,-0.5,12,8,-0.8,0,-2
2,1,-0.2,-6.8,-1.8,-0.6,-272.4,-0.1,14,3,-1,-0.19999999999999996,-1.4
1,5,0.2,1.4,0.6,-1.4,-73.4,-0.2,17,7,-0.20000000000000018,0.39999999999999991,-1.2
3,0,0.6,0.4,1.2,3.8,228.8,0,5,14,1,1,1.2000000000000002
0,2,-2,-5.2,-3.6,7.2,-264,-1.4,9,2,-1,-1.2,0.19999999999999996
1,4,-0.4,0,1.2,-10.8,46,0.3,10,12,-0.8,-0.79999999999999993,0
0,0,-0.2,2.8,0.6,-5,-234,0.1,4,1,0.39999999999999991,0,0.39999999999999991
2,0,1.2,-1.4,0,-0.2,-136,0,16,20,1.2,1.4,0.60000000000000009
3,1,-0.4,-6,-1.6,3.2,-152.6,-0.8,10,19,0.19999999999999996,0,0.79999999999999993
5,1,0.4,1,0.4,-0.6,58.4,0.3,6,12,1,1.2,0.2
0,3,0.6,4.8,0.4,-2.2,-138.2,0.6,17,9,0.39999999999999991,-0.39999999999999991,-0.59999999999999987
1,0,-0.2,-1.2,0.2,5,57.2,0,5,3,-1.2,0.19999999999999996,-0.59999999999999987
1,3,0.6,-1,-1.6,8.4,-118.6,0,12,4,-0.60000000000000009,-1.6,-1.6
1,0,-2.2,-5.8,-2.8,-0.4,19.4,-1.1,20,8,-2.2,-1.8,-1.4000000000000001
2,1,0.2,4.4,1.6,-0.4,9.6,0.6,10,15,0,-0.4,0.79999999999999993
5,0,0.4,5,3,-1.6,308.6,0.3,1,7,0.19999999999999996,1.6,0
1,0,2,4.4,4,-2.2,233.8,1.1,2,11,1.4,1,0.39999999999999991
2,0,0,3.6,0.8,5.8,84,-0.3,12,15,0.19999999999999996,0.39999999999999991,-0.8
2,0,-0.2,-1.8,0.6,4.8,-68.2,-0.8,17,19,0,-0.99999999999999989,1.2000000000000002
0,1,-1.4,-6.2,-3.4,0,-258,-1.5,14,1,-1.5999999999999999,-0.39999999999999991,-1.8
1,0,0.4,3.8,1.2,-5.2,-54.8,0.3,13,20,-0.39999999999999997,1,0.39999999999999997
1,2,-0.2,-5.8,0.2,-5,-68,-0.3,16,12,0,0.60000000000000009,-0.39999999999999991
0,0,-1,-3.8,-2.2,2.8,-229.6,-0.4,9,2,-0.60000000000000009,-2,-0.20000000000000018
1,2,-0.8,-0.8,-0.6,-7,-68.8,0.2,19,5,-1.2000000000000002,-0.60000000000000009,-0.79999999999999993
3,2,0.8,2,1,-5.4,46.6,0.3,3,17,1.2000000000000002,1.8000000000000003,1.4
1,1,-1,4.2,-0.8,3.6,56.4,-0.5,3,6,-0.59999999999999987,-1.2,1.5999999999999999
2,1,0.4,-9.8,-2.2,6.4,-40.4,-0.9,7,10,0.59999999999999987,1,0.60000000000000009
2,0,-0.4,-4.4,-2,0.6,-43.6,-0.1,10,14,-1,-0.60000000000000009,0.4
2,0,0.4,0.2,0.4,-0.6,192.2,0.2,8,17,0.40000000000000013,0.59999999999999987,0.20000000000000018
2,0,0.2,-1.8,-1,-0.8,15.6,0.5,6,3,-0.60000000000000009,0.79999999999999982,-2.2
2,0,-0.4,1.6,0.8,0,-80.6,-0.1,17,11,-0.40000000000000013,-0.59999999999999987,1.2
1,1,0.8,4.8,1.2,3.4,137.2,-0.1,5,7,0.79999999999999982,1.2000000000000002,-0.19999999999999996
1,2,1.4,1.6,1,3.6,-69.2,0.8,13,12,1.2,-0.19999999999999996,1.4
0,1,0,2.2,1.4,2.2,82.2,0.1,20,13,0.39999999999999997,-1.4,0.2
3,1,0.6,7.8,1.4,-2.2,-17.6,0.5,10,19,0.6,-0.79999999999999993,1.2
4,2,0.4,1,2,3.2,253.4,-0.6,2,16,0.40000000000000013,1,0
3,1,1,11,3.8,-7.4,267,1.6,1,7,1,1.4,0.40000000000000013
3,2,0.2,6.2,1.2,-1.2,0.8,0.5,13,9,0.59999999999999987,1.7999999999999998,-0.99999999999999989
2,1,0,-2.6,1.2,2.8,-189.4,-0.4,17,3,-0.59999999999999987,-0.8,-0.19999999999999996
2,2,-1,-9.8,-3.4,-2.4,-146.4,-0.5,13,13,-1.2,-1,-0.4
0,2,0,-3.2,-1.6,-5.2,102,-1.4,12,16,0,0.59999999999999987,-0.6
1,2,0,-9.2,-2,1.8,-173,-0.3,17,10,0,1,0.8
2,0,-0.4,-8.6,-1.4,0.2,-210,-0.6,9,5,-1.2,-1.8,0.19999999999999996
1,2,-1.8,-4.8,-1.6,-0.8,-135.6,-0.8,19,2,-2.2,-1.4000000000000001,-1
0,2,-0.8,-5.6,-2,3.4,-258.8,-1.3,4,1,-1,-0.79999999999999982,0.60000000000000009
2,0,-0.6,-1.6,0.2,-2.2,78.6,-0.5,3,15,-0.59999999999999987,1.2,-0.19999999999999996
1,1,0.4,-5.2,-0.6,1.8,36.6,-0.2,8,17,0.60000000000000009,0.60000000000000009,0.39999999999999991
4,3,0.8,-1.4,-0.2,1.4,-36.8,0.4,11,20,0.79999999999999993,1.4,0
3,1,-1.4,-1,-0.8,6.2,6.6,-0.6,7,6,-1.4000000000000001,-1,0.59999999999999987
2,0,0.4,-5.8,-2.4,-6.2,61.4,0.1,6,14,0,0.60000000000000009,0.4
0,1,-0.6,-1.6,-2,-2.2,100.6,-0.5,13,16,-0.19999999999999996,-0.19999999999999996,-0.4
1,0,-0.2,2.6,0.6,-3.6,-26.2,0,16,7,-1,-1,0.60000000000000009
1,2,-0.4,-3.8,-0.4,2.8,-350.2,0.7,18,5,-0.8,-1.2000000000000002,0.6
2,0,0.8,0.8,0,1.4,-40,0.4,12,20,0.6,0.20000000000000007,1.8
0,2,-1,-7.4,-2,6,-270.8,-1.4,19,1,-3,-2.4,-2.1999999999999997
2,0,0.8,10.4,2.6,-0.2,147.6,0.1,9,14,0.8,-0.19999999999999996,0.20000000000000007
1,1,1.2,-0.8,0.2,1.2,24.6,0.7,2,3,1.4000000000000001,0.60000000000000009,0
2,1,-0.6,4,-0.6,-1.4,-14.8,0.3,4,9,0,0,2.2
0,2,0.4,1.6,-1,2.2,80,0.3,11,8,0.40000000000000013,1.8,-1.2
0,3,-0.2,-3.4,-0.6,-4,-49.4,-0.2,15,13,0.20000000000000007,0.60000000000000009,-0.4
2,0,0,11.2,2.8,-2.6,191.2,0.3,5,11,0.8,0,0.39999999999999997
1,0,-0.4,0.4,2.4,3.8,-110.6,-0.4,7,6,0,-1.6,0.59999999999999987
1,4,-1.2,-3.6,-0.6,2.8,-51,-0.5,20,8,-1.7999999999999998,-0.6,-0.60000000000000009
2,0,0.8,6.6,3,-11,421.6,0.6,1,18,1.8,1.6,1.2
0,1,0.2,-0.2,0.6,1.6,-27.8,-0.1,15,11,0.19999999999999996,2.2,-0.99999999999999989
1,3,-0.8,-6.6,-1.8,-1.8,-261.2,-1,17,2,-0.20000000000000018,-1,-0.8
1,0,0.2,4,2,0.6,88,0.6,3,13,-0.19999999999999996,1.8,0.6
4,1,0.4,0.8,1.4,-1.8,-7.2,0.2,8,19,0.8,1.2000000000000002,0.60000000000000009
1,1,-0.4,-4.2,-1.6,5.2,-32.2,-0.4,8,4,-0.40000000000000013,1,-1.4
0,4,0,2.2,0.2,5.6,43.6,-0.5,16,14,0.39999999999999991,-0.8,0
2,0,0.6,-2,-1.4,-4.8,84.2,-0.5,13,18,0,0,-0.19999999999999996
1,3,-0.8,-10.4,-5.4,7.4,-278.8,-0.9,11,1,-1.2,-1.6,-1
2,0,-0.6,-4.2,-2.2,0.8,14,-0.8,19,7,-2,-0.79999999999999993,-1.6
0,1,1.4,1.6,1.6,-4.6,86.8,0.6,8,14,1.5999999999999999,-1.2,0.4
2,0,0.6,-3.4,-1.4,3,-100.6,0.7,2,5,0.20000000000000018,-0.39999999999999991,0.60000000000000009
2,1,0,5.2,2,-7.6,-15.8,0.8,4,11,0.19999999999999996,-1,2.1999999999999997
3,1,0,0.6,0.2,-5,-143,-0.3,16,8,-0.20000000000000018,-1.2000000000000002,0
4,0,0.4,7.6,1.2,-2,164.4,0.5,3,20,1.6,2,1.2
0,1,0.6,2.4,3.2,0.2,-98.2,-0.3,8,6,0,-0.79999999999999982,0
2,3,0.2,2.2,0.4,-5.6,156.2,0.1,6,11,0.60000000000000009,1.6,-1.2
0,1,0.4,-0.4,-1,-6.6,-4.2,0.5,15,19,0.79999999999999993,0.4,0.6
0,2,-1.4,-4.8,-1.4,1.6,-311.2,-0.6,18,2,-1.4000000000000001,-1.0000000000000002,-0.60000000000000009
2,2,-0.8,7.4,1.8,1.2,255.4,0.3,5,14,-0.40000000000000013,1.2000000000000002,-0.19999999999999996
4,0,0.4,1.2,2,4,-4.6,0.1,7,4,0.40000000000000013,-0.20000000000000018,-0.19999999999999996
1,2,-0.6,-1.6,-1.4,0,-18.8,0,20,8,-0.8,-1.6,-0.8
1,0,0.6,-1.2,2,-2.2,73.6,0.8,1,3,1,0.39999999999999991,1.5999999999999999
3,1,-0.4,2.6,0.8,5.6,99.8,-0.5,12,17,-0.60000000000000009,1,-0.6
2,2,-1.2,-4.8,-3.8,4.2,-54.6,-1,12,9,-1.7999999999999998,0.19999999999999996,-1.2
0,0,0.8,1.4,0.6,1.8,50.8,0.6,9,16,0.4,1.4000000000000001,0.4
1,1,-1.2,-3.2,-3.2,-2.4,20,-0.5,16,13,-1.2,-1.7999999999999998,-0.4
0,1,-0.2,-9.2,-3.4,-1.6,-345.4,-0.8,14,1,-1,-1.2,-1.6
0,0,-0.4,-6,-3.2,-0.8,-68.2,-0.7,11,7,-0.59999999999999987,-0.59999999999999987,0.8
1,0,0.4,2,1,-0.6,155.8,0.8,19,18,0.6,-0.6,-1.2
3,0,0.8,2.6,2,3.2,-103.8,0.4,8,6,0.8,-1.2,0
5,0,1,3.4,1.6,1,216,0.9,2,20,2.6,2,1.8
1,1,-0.2,-5,-2.6,-2.4,-147.8,-0.2,4,5,0,-0.60000000000000009,0.8
3,3,0.2,1.2,0.8,-0.6,-116,0,17,15,0.59999999999999987,0.8,-0.19999999999999996
0,1,0.2,9.2,2.8,-2,142.6,0.7,3,11,1.2,0.60000000000000009,0.60000000000000009
1,2,0.6,0.8,2.8,0.2,-77,-0.4,10,8,0.39999999999999991,-0.20000000000000018,0.4
1,1,0.8,1.8,2.2,-2.2,162.8,0.6,6,16,0.79999999999999993,1.7999999999999998,0.59999999999999987
1,0,0.2,-8.2,-0.8,-1.8,-145.8,0.3,13,3,-0.59999999999999987,-2.2,1
1,3,-1.2,-0.4,0.8,-0.8,-108,-0.4,18,11,-2,-0.20000000000000007,-1.2
3,0,-0.2,2.8,0,0.2,92.4,0.4,5,10,0.40000000000000013,0.20000000000000018,0
1,0,-0.2,9.6,2.6,7,197.4,0.6,7,15,0,0.19999999999999996,-0.19999999999999996
1,1,-0.8,-0.6,-0.6,0.8,-87.4,-0.5,20,4,-1.6,-1.4,-1.4
1,0,-0.4,5.8,0,-2.8,82.6,0.4,1,9,1,1.2,1.6
2,3,-1.6,-5.4,-2,3.8,-225.2,-1.3,13,2,-1.2000000000000002,-0.20000000000000018,-1.2000000000000002
1,0,-1,-2.8,-1,5.4,100,-0.9,11,17,-0.59999999999999987,0.19999999999999996,-0.60000000000000009
1,0,-0.2,2,-1,-2.2,81,0.3,8,19,-0.8,1.2000000000000002,-0.19999999999999996
1,4,-1.2,-13.6,-4.8,3.2,-325.6,-1.5,16,1,-2.4,-2.2,-2.2
1,3,0.6,-4.8,-1,0.2,-233.4,-0.4,15,6,0.59999999999999987,-1.2,0.59999999999999987
4,3,0,-0.6,-0.6,3.4,-74.4,-1,11,14,0.60000000000000009,0.4,1
0,4,-0.4,-1.6,-0.4,-1.8,135,0.1,19,13,0.40000000000000013,-1.2,-0.4
0,0,0.2,-1.6,0.4,0.6,27,0.1,9,4,-0.20000000000000018,0.19999999999999973,0
2,0,2,0.2,2,-1.8,130.8,0.2,2,8,1.4,0.8,1.4000000000000001
0,2,0.8,1.8,-0.8,-2.4,233.6,0.4,4,18,1.2,1.4,0.79999999999999993
1,1,1,5.6,1.4,-1,-10.6,0.8,17,20,0.60000000000000009,1.4,0.8
2,2,-0.2,-0.6,-0.2,-2.4,69.4,-0.2,3,7,-0.8,0,-1.2
1,3,0.4,0.6,0.2,-3.4,-3.8,0.2,10,11,-0.19999999999999996,-0.60000000000000009,0.6
1,1,,,,,,,8,8,,,
3,0,,,,,,,1,14,,-0.8,0.59999999999999987
0,0,,,,,,,8,8,,-0.60000000000000009,1.4
0,0,,,,,,,8,8,,0.19999999999999996,0.59999999999999987
3,1,,,,,,,1,14,,,
4,0,,,,,,,1,14,,-0.80000000000000027,0.39999999999999991
0,1,,,,,,,14,1,,-0.59999999999999987,-0.19999999999999996
3,1,,,,,,,1,14,,,
0,2,,,,,,,14,1,,0,0.19999999999999996
0,5,,,,,,,14,1,,-1,-2.4
2,1,-2,-2,-2,-10,267,0.2,1,10,0,0.8,0.39999999999999991
1,2,0,-6,1,11,-221,-1.2,17,3,-1,,
1,1,2,0,0,6,70,-0.3,3,14,3,-1.8,-0.19999999999999996
1,1,0,2,6,1,-148,0.4,14,12,-1,0.20000000000000018,-0.39999999999999991
1,0,0,-1,-1,2,115,0.5,3,17,1,1.8,0.4
2,2,2,-19,2,-4,-262,0.8,3,3,0,1,2.8
3,1,1,3,3,-14,-45,0.5,10,17,0,,
1,0,1,2,1,-7,150,0.5,3,14,0,,
1,2,-3,-4,-4,-14,-71,-0.5,17,1,-3,-1,-1.8
1,1,-4,-1,-2,4,-80,-1.3,12,3,-2,0.80000000000000027,-0.19999999999999996
2,0,0.5,3,3.5,1,-42.5,0.4,15,5,-2,-2.6,
1,3,-2,-9.5,-6,0,-191.5,-1.4,5,2,0,-2,-1.6
0,2,1,-2,0.5,11,115.5,-0.2,5,15,2,-1.2000000000000002,0.19999999999999996
3,1,1,3.5,1,2.5,-63,0.6,1,3,0,0.60000000000000009,0.8
1,2,2.5,3,-0.5,-1.5,157.5,1.1,5,5,1.5,0.60000000000000009,-0.8
2,3,1.5,-2.5,0.5,-9.5,-39,0.4,15,5,1,0.79999999999999982,
1,2,0.5,-2.5,1,-7.5,-158,1.1,5,4,1,1,
0,1,2,7,1,2,328,0.6,5,15,2,0.19999999999999996,-1.2
1,3,-0.5,3,-0.5,3.5,48.5,-0.1,20,5,-0.5,-1.4,-0.79999999999999993
1,1,-1.5,-6.5,-2,0,74,-0.7,15,5,-0.5,0.60000000000000009,0
2,2,-0.4,-6.6,1.4,-5.7,-218.3,-0.2,4,9,0.66666666666666674,0,1.4
0,2,-1,-4.3,-1.7,-1.4,-231,-0.6,11,1,-1.6666666666666667,-0.8,-2.2
2,1,0.3,8.3,4,7,95.7,-0.1,4,11,0,-1.2,0
1,0,-0.6,-6,-1.7,6.3,-20.6,-0.4,4,17,0.33333333333333326,1.6,1.8
3,2,-0.4,1,0,1.4,-9.6,0,4,17,0.33333333333333326,1.2,0.39999999999999991
3,1,-0.3,1.4,-2.3,7,216.6,-1.1,3,11,0.33333333333333348,0.60000000000000009,0.20000000000000018
4,0,2.3,9.3,4.4,-3.7,166,1.7,2,11,1.0000000000000002,2.2,1.4
1,1,0.4,-4.3,0.3,-2.7,-119.7,-0.6,11,20,1,0.6,0.79999999999999993
1,1,-1,-0.7,0.6,-2.3,-180.7,-0.2,11,9,-0.33333333333333326,-1,0.20000000000000007
2,0,-0.7,-1.7,-1,4.7,-96.7,0.7,4,17,0.33333333333333326,-1.6,1.4
0,0,-0.5,-0.2,-1.5,-4.5,-35.3,-0.9,16,4,-1,0.10000000000000009,-2
3,1,0.3,-1.8,1,-4.7,-109,0.5,9,9,-0.75,-2.2,0.79999999999999993
1,1,-0.5,-2.2,-0.7,4,162,-0.1,14,14,0,-1.4,0.60000000000000009
3,1,1.7,6.8,2.5,-0.5,176.7,0.9,1,16,2,1.8,1
1,0,0.3,1.7,1,-4.2,10,0.9,4,4,-0.75,-0.20000000000000018,-1
3,2,-2,-8.7,-2,-2,-128.8,-1.4,13,2,-1.75,-1.1,-3
0,1,0,-2.3,-0.5,-0.7,27,-0.4,16,9,0,0.5,-0.19999999999999996
3,0,1,6.5,1,-3.8,329.5,0.4,4,9,-0.5,-0.20000000000000018,-2
2,2,-1,-0.7,-2.7,3.8,-90.8,0,20,4,-1.5,-2,-1.2000000000000002
1,5,-0.5,-7.2,-3.8,-4.8,-113.3,-0.4,19,2,-1,-0.40000000000000013,-0.19999999999999996
3,2,0.8,2,1,-2.2,141.8,0.1,3,19,0.8,0.10000000000000009,1.8
2,0,-0.6,1.4,-1.8,1.4,-151.8,-0.2,8,15,-0.19999999999999996,-0.30000000000000004,1
1,2,-0.4,-1.4,-0.2,6,-25.2,-0.3,6,1,-1,-0.79999999999999982,-2
0,1,-0.4,0,1.2,3,-103.6,-0.4,11,15,0.79999999999999993,0.20000000000000018,1.5999999999999999
0,1,0.2,1.8,0.4,1.2,39.8,-0.2,11,11,0.59999999999999987,1.5,0.099999999999999978
2,1,-0.8,-3.2,-1.6,6.6,-153.2,-0.4,3,8,0,0.20000000000000018,1
8,0,2.4,3.2,3.4,-3,165.8,1,2,20,1.6,2.6,2.2
0,0,0,-0.6,-0.2,-2.6,-128.2,-0.5,18,15,-0.19999999999999996,0.4,1
1,3,-0.6,0.8,-0.4,3.6,72,0.1,11,6,0,0.39999999999999991,-0.19999999999999996
2,0,-0.4,-2,0.6,4,-109.4,-0.1,3,8,0,0,1.2
2,2,0,0.8,1.8,1,83.8,-0.1,18,10,-0.19999999999999996,0.10000000000000009,-0.6
2,2,0.4,-2.8,-1,-8.4,-101.6,-0.1,7,5,-0.40000000000000013,0,-0.80000000000000027
2,0,2,2.8,2.2,2.4,42.8,0.5,4,16,1.4,1.2000000000000002,-0.19999999999999996
2,0,-1,2,0.2,4.8,-85.4,-0.4,9,16,0,0.10000000000000009,2.4
1,3,-2.8,-9,-4.4,2,-186.4,-2,13,2,-0.8,-0.20000000000000018,-1.7999999999999998
4,0,0.8,2,0.8,7.8,161.8,0.2,3,18,1,1.4000000000000001,0.20000000000000018
1,1,-1.2,-1.8,-2,1.4,44.6,0,10,5,-0.60000000000000009,-0.20000000000000018,-0.59999999999999987
0,1,-1.6,-6.6,-3.2,4,-184.6,-0.6,13,1,-1.8,-2,-2.5
2,1,0.4,-3,0,-7.2,165.6,-0.8,7,13,-0.39999999999999991,0.19999999999999996,-0.6
1,0,0.4,-5,-1,0.4,41.8,-0.1,10,20,0.6,1.2,0
1,0,-0.2,4.4,0.4,5.6,87.6,0.2,4,10,-0.19999999999999996,0.20000000000000018,0
3,0,-1.4,-1.4,-2.2,1.2,-100.6,-0.2,12,10,-0.99999999999999989,-0.79999999999999993,0.79999999999999993
1,0,0.2,-4,-1.2,-3.6,-176,-0.2,7,17,0.6,-1.2,0
2,1,0,3.8,0.6,-8.2,82,0.6,1,5,0.60000000000000009,0.79999999999999982,2
0,2,2.8,10,4.2,-4.4,181.8,1.5,2,7,1,1.4000000000000001,1
1,0,-0.2,-6.6,-1.8,1.2,-170.2,-0.9,14,12,0,-0.39999999999999991,0.79999999999999993
1,5,-0.2,-3,-1.2,-0.4,96.4,0.1,19,14,-0.4,0.7,0
1,4,-1.4,-3,-1.2,6.2,-53.2,-0.5,17,2,-1,-1,-0.40000000000000013
0,0,0.2,8,2.6,-0.6,105.2,0.6,20,14,-0.19999999999999996,-0.8,-0.5
1,2,0.8,1.2,1.8,1.2,67,0.5,7,6,0.40000000000000013,0.39999999999999991,0.40000000000000013
2,1,1,2,3,-1.8,-149.4,0.1,12,16,0,0.70000000000000007,-1
0,0,1,-1.4,0.4,-5,-65.6,-0.3,8,19,0.79999999999999993,-0.39999999999999991,1.4
1,0,2.2,6,3.4,2,249,1.7,2,17,1.4,1,0.40000000000000013
0,2,-2.4,-7.6,-3,1.8,-238.4,-1.4,6,2,0,-0.60000000000000009,-0.59999999999999987
2,0,-0.4,0.8,-0.2,-5.6,-4.6,0.3,14,8,-1,-0.19999999999999996,-1.2000000000000002
2,1,0.8,1.8,1.4,8.6,218.6,0,4,8,0.19999999999999996,1.0000000000000002,0.4
1,1,-1.4,-1.6,-1.4,2.6,-116.4,-0.9,14,1,-2,-1.6,-2.4
1,0,-1.4,-5.6,-2.4,-2.6,-36.6,-0.7,12,5,-1,-0.8,-0.30000000000000004
1,1,1,-3.2,0.2,4,82,-0.3,8,20,0.79999999999999993,1.8,0.2
1,1,0.4,-5,-1,-4.2,-128.6,-0.1,6,17,1,1,0.19999999999999996
2,2,0.6,1.4,0.6,0.8,68.4,0.2,5,6,0.40000000000000013,0.20000000000000018,-0.19999999999999996
2,1,0.2,0.4,-1.6,1.8,87.6,-0.3,11,16,0.4,-0.8,0.6
2,4,-1.2,-5.6,-2.8,-4.2,-249.8,-1,11,2,-0.79999999999999982,-0.19999999999999996,-1.4
2,1,0.4,3.4,1.6,-4.4,17,1.1,1,11,1.2000000000000002,1,2.6
3,0,0.8,5,0.4,-0.4,287.2,1.1,2,15,0.19999999999999996,0.7,1.5999999999999999
1,1,-0.8,-0.2,-1,-3.8,-138.4,-0.9,17,6,-1.2,-0.60000000000000009,-0.19999999999999996
1,3,0.2,1.2,-0.4,3.6,23.4,0.3,19,8,-0.19999999999999996,0.10000000000000009,-0.6
0,9,-0.8,3,1.2,-0.6,-20.8,0.8,18,4,-1,-1.8000000000000003,0.39999999999999991
0,0,-1,2.2,0.8,3.6,13.6,0.2,20,8,-1,-1.2000000000000002,-1
1,1,0.6,1.6,1.8,1.8,67.8,0.1,8,11,-0.39999999999999991,1,0.5
1,1,0.2,4.8,1.6,-1.4,34.8,0.3,5,7,-0.60000000000000009,0.60000000000000009,0
1,2,0.6,3.4,1.2,-2.6,-204.2,0,17,1,-1.2000000000000002,-1.4,-1.8
1,0,0,-1.6,-0.8,-2.2,-30.4,-0.5,6,11,0.19999999999999996,-0.19999999999999996,0.19999999999999996
2,0,0.8,1.2,0.6,-2,50.8,0.2,7,19,1.2,0.10000000000000009,0.8
0,2,-2.4,-5,-3.4,-6.4,-184.6,-0.2,10,4,-1,-0.80000000000000027,0.40000000000000013
2,1,-0.2,3.4,2.2,-4.6,-113.8,0.7,11,14,-0.20000000000000007,-0.19999999999999996,0
2,1,2.4,8.6,3.6,-7.8,212.4,1.9,2,18,2.1999999999999997,1.6,1
3,0,-1,-3.4,-2,0,24.4,-0.8,7,14,0.20000000000000018,-0.60000000000000009,0.70000000000000007
1,2,-2.2,-8,-3.2,-0.8,-206.4,-1,20,2,-1.7999999999999998,-1.4,-2.1999999999999997
2,3,0.8,2,3.2,2.2,156.2,0.8,11,14,0,0.39999999999999991,1.2000000000000002
2,0,0,-2.2,-1.8,-3.2,-147,-0.4,11,15,0.4,0.40000000000000013,-0.6
2,0,1.4,7.2,5.6,3,271.6,0.8,2,14,1.6,0.60000000000000009,1
2,0,2.6,3.2,1.6,2.8,100,0.5,3,6,1.2,0.39999999999999991,0.39999999999999991
3,1,-0.4,-4.4,0,4.4,-21.4,-0.4,1,4,0.20000000000000018,1,0.20000000000000018
3,1,-0.6,-0.8,0.4,-2.6,-26.4,-0.2,7,11,-0.8,0,0.19999999999999996
2,1,0.4,-3.4,-1.4,1,-146.2,-0.5,11,7,0.19999999999999996,0,-0.79999999999999993
0,2,0,2.4,-0.2,0.4,52,-0.1,20,18,-0.39999999999999997,0.6,-0.2
1,2,-0.4,-2.6,-2,0,-19.2,-0.6,18,7,-1,-1.6,1.2
1,1,0,-1.2,-0.2,4,136,-0.3,15,7,-0.8,0.8,-0.79999999999999993
2,1,-0.8,-4.6,-2.4,5,61.6,-0.3,5,17,0.40000000000000013,-0.40000000000000013,1
2,2,0,3.4,0,2.4,173.2,0.1,6,19,0.8,1.6,-0.39999999999999991
2,0,0.4,2,1.6,-0.4,65.4,0.5,15,13,-0.8,0.40000000000000013,-0.6
1,2,-1,0.2,-0.2,-2.2,38.2,-0.4,10,5,-0.8,0.40000000000000013,-0.20000000000000018
0,2,-1.4,-1.4,-1.8,-1.4,-51,0.1,13,2,-0.59999999999999987,-0.60000000000000009,-1
1,2,-1.2,-9.4,-4.6,-2.2,-222.2,-1.2,15,1,-1.8,-1.8,-1.2000000000000002
0,2,1,2,2.6,1.6,-54,0.4,10,18,1.6,0.60000000000000009,0
2,1,-1,5,-1.6,-5.6,-5.4,0.3,3,3,-1.2,0.39999999999999991,-0.60000000000000009
3,3,-0.2,-4,-2.2,0.8,-53.2,-1,8,8,0.40000000000000013,-0.40000000000000013,0.39999999999999991
0,3,-0.4,-2.2,-2.8,7.8,-19.8,-0.4,20,6,0,-1.2000000000000002,-0.19999999999999996
2,3,0,-0.4,1.2,-3.6,-66.6,0.4,17,10,-0.2,-0.60000000000000009,1
0,2,1,1.8,2,-6,5.4,0.9,8,10,1,0.60000000000000009,-0.79999999999999993
0,1,1,5.6,1.8,3.2,193,0.7,4,13,2.1999999999999997,1,2
2,1,2,1.6,0.6,-0.8,120.6,0.8,2,13,1.2,1.2,1.2000000000000002
2,1,0.8,3.6,3.2,1,91,0.5,1,17,1.4000000000000001,1,2.4
1,2,0.8,0.8,0.8,3,75,0.7,10,10,0.40000000000000013,0,0.20000000000000007
2,2,-0.8,-8.8,-1,2.6,-301.6,-1.3,13,3,-1,-0.59999999999999987,-0.60000000000000009
2,2,-0.4,0.6,-1,-1.6,-88.6,-0.3,19,6,0.20000000000000007,-1.2000000000000002,-0.2
2,1,0.2,-0.6,1.2,-2.2,-12.8,0.2,18,20,-0.6,-0.39999999999999997,0.39999999999999991
3,2,0.8,-0.6,0,4.2,73.8,0.1,6,13,0,0,-0.60000000000000009
1,1,-0.4,3.6,0.4,-2.6,113.4,0.3,5,8,0,0.40000000000000013,0.40000000000000013
1,2,0.2,1.4,1.2,1.8,-7.2,0.2,8,11,-0.39999999999999991,-0.19999999999999996,0.2
1,4,-0.6,-10.2,-1,-2,-275.8,-0.3,11,3,-0.8,-0.59999999999999987,-0.79999999999999993
2,1,0.6,6.2,1.6,-3.2,319.4,0.9,4,14,0.60000000000000009,0.19999999999999996,1.8
1,0,0,-5.2,-1.6,4.6,-94.6,-0.5,6,15,0,-1,0.59999999999999987
2,0,2.6,8.2,5.4,2.8,197,1.6,2,20,2.2,2.4,1
5,2,1,1.2,1.4,-4.2,141.2,0.5,1,15,1.8,1.2,2
2,1,0.2,3.8,2.6,-2.4,22.6,0.7,6,8,0,0,0.20000000000000007
0,2,0.2,-0.8,-0.6,1,81.6,0.4,11,8,-0.20000000000000018,-0.40000000000000013,0.6
2,1,0.2,-3.4,-0.6,0.4,-22,0.4,18,19,0,0,0.59999999999999987
2,0,0.2,6.8,1.2,-0.2,16,0.4,5,15,1,0.20000000000000018,0.60000000000000009
1,4,-0.6,-5.2,-2,2,-152.2,-1,15,2,-1.8,-1.4,-0.60000000000000009
0,3,-1.8,-2.2,-1.2,-2.4,-20.6,-0.4,16,1,-2.4,-1.4,-1.8
2,2,-0.4,-3.8,-1.8,0.8,21.6,-0.2,12,5,-1.0000000000000002,0.39999999999999991,-2
3,1,0,-2.8,-1.4,7.6,-286.6,-0.8,12,4,-0.60000000000000009,-0.60000000000000009,-1.7999999999999998
1,2,0.4,5.2,-0.8,-3.8,160,0.3,3,6,0.60000000000000009,0.79999999999999982,0.59999999999999987
2,1,0.2,0.4,1.8,-3.2,-156.8,-0.6,7,18,0.60000000000000009,1.2000000000000002,-0.4
1,2,-0.6,0,-1.4,-4.2,-1.6,-0.6,19,10,-0.39999999999999991,-0.59999999999999987,-0.59999999999999987
5,0,0.6,2,0.4,7.6,185,0.1,7,14,0.19999999999999996,0.40000000000000013,-0.4
0,0,0,0.4,-0.6,0.6,-1.4,0.2,20,10,-0.6,0,-0.59999999999999987
1,3,-0.2,-2.4,0.2,0,-36.2,-0.5,16,7,0,-1,0.4
0,3,-0.4,-8,-2,5.2,-140.2,-0.4,9,3,-0.39999999999999991,-1.2,-1.4
1,0,-0.4,-1.2,-1,-3.4,31.8,0.7,12,9,-0.8,-0.60000000000000009,-0.19999999999999996
0,1,0.4,7.8,2.2,0.2,167,1.2,4,14,1.2,0.79999999999999982,2.1999999999999997
1,1,-0.4,-4.4,-2,0.6,-136.6,-0.6,9,13,0.59999999999999987,-0.8,0.79999999999999993
0,1,1.2,3.6,1.6,1.2,42.2,1.9,2,19,2.2,2.2,1
2,0,2.4,4.2,3.4,-2.2,178.2,0.8,1,20,2.2,2.4,1.8
1,0,0.6,-3.2,1.2,-8,81.8,0.4,5,14,0.8,0.40000000000000013,0.20000000000000007
2,0,0,-1,1,0.6,81.6,-0.1,8,17,0,-0.20000000000000018,0.19999999999999996
0,1,0.8,6.4,0.8,-0.4,63.8,1.3,18,14,0.79999999999999993,0.39999999999999991,0.19999999999999996
1,2,-0.8,1.4,0,-6.6,-52,-0.5,5,7,0.20000000000000018,0,1.6
1,3,-0.2,-4.6,-1.2,-6,-135,-0.5,18,17,-0.19999999999999996,0.19999999999999996,0.79999999999999993
0,1,-0.2,1.2,-0.2,-2,76.8,-0.8,15,10,-0.6,-0.19999999999999996,-0.60000000000000009
0,1,-0.4,3.2,1,-3.4,38.4,0.1,13,6,-0.60000000000000009,0.60000000000000009,-0.79999999999999993
0,0,-0.4,2.2,1.4,5.6,-183.6,-0.1,13,11,-0.4,0.60000000000000009,-0.4
3,1,0.4,1.4,0.4,-3,145.4,-1,2,2,-0.39999999999999991,-1.2,-0.39999999999999991
1,0,0.2,0,0.8,1.6,-44,0,8,12,-0.20000000000000018,1.0000000000000002,-0.40000000000000013
1,2,-0.2,-2.8,-1,1.8,-28.2,-0.3,19,5,-0.20000000000000018,-2,-1
0,2,2,-5.8,0.4,6.2,-179.2,0.1,8,4,1.7999999999999998,-0.19999999999999973,-1.2000000000000002
2,0,-1.6,-5.2,-3.6,2.6,-129.8,-0.6,20,7,-1.8,-1,-0.59999999999999987
0,2,-1.8,-6.2,-2.4,7.4,-187.4,-1,15,1,-1.8,-2.8,-1.8
1,0,-0.2,-0.6,-2.2,0.6,-89.6,0.1,15,19,-0.20000000000000007,1,-0.19999999999999996
1,1,-0.6,-1.2,-1,-1.8,-93.6,-0.5,15,11,-0.4,-0.39999999999999991,-0.8
0,2,-0.6,2.4,0,-9.2,118.2,-0.2,4,14,-0.60000000000000009,0.60000000000000009,0.8
2,1,0.2,0.8,-1.4,-6.8,3.4,-0.1,9,18,0.40000000000000013,0.60000000000000009,0.40000000000000013
1,0,0.6,4,1.2,7,-20.2,0.1,13,11,-0.39999999999999991,0.8,-0.6
0,4,-1,-0.4,-1.2,3,-121,0.3,2,1,-1.2,-0.60000000000000009,-0.20000000000000018
4,1,-0.2,7.4,3.6,-2.8,155.4,1,6,9,-0.19999999999999996,-0.20000000000000018,0.19999999999999996
1,1,0.6,1,1.4,-0.2,125.6,0.3,7,20,1.2,1.4,0.59999999999999987
2,1,1,-4,-1.6,6.6,-92,0,7,15,0.8,-0.39999999999999991,-0.20000000000000007
3,2,-1,-5.6,-3,-1,-254.6,-0.9,5,2,-0.39999999999999991,-0.19999999999999996,-0.19999999999999996
1,2,0,-5.8,-2,-1.6,-117,-0.4,12,4,-0.19999999999999996,-1.2000000000000002,-0.8
2,0,0.8,6.6,4.4,-0.8,118.6,0.7,14,16,0.19999999999999996,0.59999999999999987,0
0,2,-1.2,-11.6,-6,-1.8,-222.6,-0.9,12,5,-1.2,-0.8,-0.19999999999999996
1,0,1.2,-1.2,-0.2,0.2,215.8,0.8,1,5,1,1.4,0.8
2,0,1.4,6.2,3.2,-1.8,130.4,0.7,2,8,-0.19999999999999996,0.39999999999999991,0.19999999999999996
1,2,0,-4.6,-0.8,-1.2,-26.2,-0.5,11,9,0.40000000000000013,0.20000000000000018,0.6
1,2,-1.2,3.4,-0.2,-5,24.2,0,20,7,-1.2000000000000002,-1.4000000000000001,0.19999999999999996
1,1,0.8,4.2,2,10.4,65.4,0.7,15,9,0.19999999999999996,0.39999999999999991,0
3,0,-0.2,-4.2,-0.6,0.8,-42.8,-0.1,19,16,0.4,-0.19999999999999996,0.20000000000000007
1,2,-0.8,-3,-0.4,7,-83.6,-1.2,18,2,-0.6,-2.1999999999999997,-1.2
2,0,-0.8,-8.2,-5.2,-1,-15.4,-0.9,9,5,-1.4,-1.6,-0.39999999999999991
1,1,0.2,-0.8,2,-0.2,-78.4,-0.1,14,4,-0.19999999999999996,-0.40000000000000013,-1
1,2,-0.2,-6.6,-1,2.4,-85,-0.3,14,16,0.6,0,0.6
2,0,1.2,5.4,3.2,-3,295.2,0.8,1,8,1,1,1
2,1,1,1.2,1,-2.8,257,0.4,2,11,-0.19999999999999996,0.39999999999999991,0.8
0,3,-0.4,-1,-1.2,2.8,-125,-1,12,2,0,-0.39999999999999991,-1.2
1,1,0,2,1.4,0.2,27.6,0,20,9,-0.6,-0.60000000000000009,0.39999999999999991
1,0,-0.8,3.8,0,5.6,17.8,0.4,12,7,-1,-0.20000000000000018,-0.8
2,1,-0.4,-4.4,-2.2,-0.2,-87,0.1,19,5,0.20000000000000018,-0.20000000000000018,-0.8
4,0,0.4,2.8,2,9.2,8.6,0.1,17,18,-0.20000000000000007,-0.8,0.6
1,6,-1.6,-3,-3,-2.6,-252,-0.7,16,2,-1.2,-1.2,-0.79999999999999993
0,3,-1.2,-2.4,-0.8,0.4,86,-0.6,19,17,-1.2,-0.59999999999999987,-0.20000000000000007
3,0,0.4,5.2,2.2,5.8,289.6,0.5,4,14,0.19999999999999996,0,0.60000000000000009
1,1,0.2,2.2,1.2,1,-33.2,0.3,10,10,0.19999999999999996,0.99999999999999989,-0.19999999999999996
1,0,-0.2,0.4,-1.8,-3.8,-142.2,0.1,9,14,0.39999999999999991,0.60000000000000009,0.39999999999999991
1,2,-0.2,-1.4,0.4,-9,53.8,0,3,10,-0.8,0.40000000000000013,1
4,0,0.6,5.6,2.6,-4.8,160.6,0.4,5,20,1,2.1999999999999997,0.19999999999999996
1,0,-0.6,-3,-2,-5.6,-7.8,0.2,7,17,0.19999999999999996,1.6,0.40000000000000013
0,1,-1,-4.2,-0.6,7,-226.6,-1.3,7,1,-1.2,-1,-1.2
1,1,0.8,6.2,2.2,-0.2,180.2,0.5,6,13,0.6,0,0.40000000000000013
1,1,0.4,0.2,0.8,-2.6,134,-0.2,10,7,-0.19999999999999996,-0.8,-0.19999999999999996
1,1,-0.2,0.6,0.8,3.8,109,0,15,16,-0.39999999999999991,-0.19999999999999996,-0.39999999999999991
2,1,-1,0.2,-4,-2.2,-225.6,-0.6,14,3,-0.6,-1.2000000000000002,-1.2
2,0,0,-1.4,-1.2,-0.4,136.8,0.4,1,6,1.2,0.60000000000000009,1.6
2,2,2,6,4,-4,217.2,0.8,2,10,1.2,1,0.19999999999999996
1,0,-0.8,-4.6,-1.4,-1.2,-295.2,-0.7,10,4,-1.2,0.19999999999999996,-0.19999999999999996
1,0,0.4,3.8,2.4,3.8,-39.6,0.3,20,19,0,-0.4,0.6
2,3,0.4,-0.8,1.6,8.8,-64.6,0.3,13,5,1.2000000000000002,0,0
0,0,1.4,1.2,-0.8,-3.2,-132.6,0.5,17,7,1.4000000000000001,0,-1
1,1,0.2,-4.8,-0.8,7.4,-19,-0.4,17,9,-1.4,-1.4,0.6
2,1,-0.8,-3.2,-0.6,-1,18.6,-0.9,15,17,-0.80000000000000027,-0.8,0.39999999999999991
2,1,-0.8,-4.2,-1.6,-3.6,-28.2,-0.3,17,16,-0.8,-0.8,-0.20000000000000007
2,2,0,4.6,1,3.6,110.6,0.4,4,11,0.19999999999999996,0.39999999999999991,0
0,2,-0.2,-3.4,-2.2,-8,-52.8,-0.3,14,9,-0.60000000000000009,-0.39999999999999991,-0.8
2,2,0.4,6.2,2.6,-0.2,159.4,1.2,9,11,1.2,0.60000000000000009,-0.20000000000000007
4,1,0,-0.4,2,-4.4,109.8,0.4,3,17,0.39999999999999991,0.6,1.2
0,2,1.4,3.6,3.8,0.6,242.2,0.7,6,11,1.2000000000000002,1.7999999999999998,0.19999999999999996
0,1,-2.2,-6.8,-3.8,4.4,-318,-0.7,8,2,-1,-0.79999999999999982,-0.60000000000000009
2,1,0.2,1.4,1.4,0,43.8,0.4,6,20,0.59999999999999987,1.4,0.60000000000000009
1,2,-0.4,-1.8,-1.2,2.2,-168.4,-0.4,5,1,-1.6,-1.4,-1.6
2,1,-0.8,-2.8,-1,0.6,-20.4,-0.4,16,15,-0.79999999999999993,-0.39999999999999991,-0.20000000000000007
0,0,-0.4,2.2,-1.2,-4.8,-125.2,0,10,10,0,0.39999999999999991,-0.19999999999999996
0,0,0.6,-0.4,0.6,2.8,63.4,-0.2,14,9,0,0,-0.19999999999999996
2,2,0.6,-2.8,2.2,-0.6,-8.2,0.2,3,4,0.19999999999999996,0,1
4,0,0,0.2,-0.6,-8,186,0.4,1,10,1,1,0.60000000000000009
0,0,0,3.4,1.8,-4.2,71.4,0.1,7,6,0.39999999999999991,0.79999999999999982,0
0,0,0.2,-1.8,0,-9.2,-130.4,-0.1,10,20,0.19999999999999996,1.4,0.20000000000000007
2,0,-1.8,-5.4,-2,5.8,-241.8,-0.4,5,2,-1.2000000000000002,-0.59999999999999987,-0.59999999999999987
2,3,0.4,-0.6,-2.4,3,-99.8,0.2,19,8,0.39999999999999991,0.20000000000000018,0
3,2,0.4,-4.2,-1,-1,-91.8,0.1,16,18,-0.19999999999999996,-0.19999999999999996,0.39999999999999991
4,0,0.4,0.4,0.6,4.2,132.6,0.4,10,12,0.19999999999999996,-1,0.39999999999999991
1,3,0.6,0.4,-0.2,-3.8,-5.4,0,15,5,0,-0.60000000000000009,-0.59999999999999987
0,1,-0.6,3,2,-2.6,170.8,-0.2,19,16,-0.99999999999999989,-1.0000000000000002,0
0,2,0.8,1.2,-0.2,1.6,-23.4,0.6,4,6,0.39999999999999991,-1,0.19999999999999996
3,1,0.8,3,2.2,-0.4,35.6,1.1,8,14,0.8,0.60000000000000009,0
2,0,0.4,9.8,2.4,-5,319.6,1.1,2,16,0.60000000000000009,1.2,1.7999999999999998
0,1,-1.6,-1.6,-3.6,5.2,-166.2,-0.6,20,1,-2,-2.2,-2.4
2,1,-0.4,-0.8,-0.6,3.4,-77.2,-0.2,9,16,-0.19999999999999996,0.59999999999999987,0.79999999999999993
1,2,0.4,3.4,3.4,8.4,84.8,-0.3,12,10,0.40000000000000013,0.19999999999999996,1.2
0,0,-1,-2.8,-3.2,-2.2,-85.6,-0.4,7,3,-0.39999999999999991,0.19999999999999996,-0.40000000000000013
3,2,-0.4,-4,-2.2,-3.6,31,-0.8,8,8,-0.80000000000000027,-0.80000000000000027,0
3,0,0.2,-1.8,0.2,4.2,-59.4,0,8,16,0.8,0.59999999999999987,0.6
2,0,0,1.8,-0.4,-1.4,144.4,0.1,4,6,-1,-1,-0.60000000000000009
1,0,0,-0.4,-0.2,4.4,43,0,13,14,-0.6,-0.60000000000000009,0.4
0,1,-0.6,-7.8,-1.2,8.6,-245.2,-0.9,3,2,-1,-1.2,0
3,2,1,7.2,3.6,0.8,228,1.1,1,16,2.2,2.2,2.4
3,0,-0.2,2.8,2.4,-7,222.2,-0.1,5,16,0,-0.20000000000000018,-0.19999999999999996
1,1,0,-2.8,-1,1.6,-173,-0.3,8,16,1.4000000000000001,0.8,1.2
2,0,0.2,0.6,2.2,6.2,-29,-0.3,12,15,0.39999999999999991,-0.39999999999999991,1.5999999999999999
3,0,0.6,-0.6,0.8,0,-33.8,0.4,6,20,0.39999999999999991,0.19999999999999996,0.59999999999999987
0,0,0.2,2,0.4,-4.2,91.8,0.1,17,8,-0.39999999999999991,-0.8,-0.19999999999999996
2,2,-0.2,-4.6,-0.6,-5.8,-225.4,-0.2,18,4,0.19999999999999996,0.59999999999999987,-1
0,1,0.2,2.6,0.2,-1.6,114.4,0.5,19,12,-0.6,-0.19999999999999996,-0.39999999999999997
1,1,1.2,-1.4,0.6,4,-95.6,1.1,8,6,0.20000000000000018,0.20000000000000018,0.19999999999999996
3,0,-0.8,9.4,1.6,-2.8,209.2,1.1,2,11,0.19999999999999996,1.2000000000000002,0.8
0,0,-1.2,-0.6,-2,-3,67.2,-0.8,14,8,-1.6,0,-1.4
1,0,-1,-2.2,-2.2,-4,28.2,-0.5,20,3,-0.19999999999999996,0,-0.59999999999999987
2,3,0,-1.2,0.6,-1,71.6,-0.4,7,5,0.39999999999999991,0.8,0.60000000000000009
3,0,-1.6,-8.4,-4.8,3.2,-229.8,-1.1,15,1,-2.2,-1,-1.6
3,1,0,-8.6,-2.2,-1.4,-137.8,-0.3,15,13,-0.39999999999999991,0.59999999999999987,-1.7999999999999998
1,0,0,0.2,-0.6,-0.8,150.2,0.1,9,15,0.40000000000000013,0.60000000000000009,1
1,1,-0.4,-1.2,-0.8,-3,-178.2,-0.2,10,7,0.40000000000000013,-0.40000000000000013,0.40000000000000013
4,0,-0.6,1.2,-1.4,0.6,176.4,-0.7,4,12,-0.40000000000000013,-0.80000000000000027,0.20000000000000018
1,0,-0.8,3.2,0.8,1,78.6,0.2,10,15,0.19999999999999996,-0.39999999999999991,-0.79999999999999993
4,0,0.4,0.2,0.2,8.2,-15.4,0.1,3,17,0.19999999999999996,-0.39999999999999991,0.59999999999999987
2,1,0.6,4,1.8,4,250.6,0.3,1,18,1,1.6,3
2,0,-0.2,-1.6,-1,4.4,-142.8,-1.3,5,2,-0.79999999999999982,-0.60000000000000009,-0.60000000000000009
1,0,0.2,-1,-0.6,-1.2,-16.4,0.1,8,20,0.39999999999999991,0.8,0.8
0,1,0.8,3.4,1.4,0.8,45,0.3,14,13,0.6,0,2
0,0,0.6,-1.8,-1.2,5,-140.8,0.4,6,18,1.4000000000000001,0.60000000000000009,1.2
1,2,-1.6,-4.8,-2.4,-5.2,-202.8,-0.2,18,3,-1.4000000000000001,0,-0.39999999999999991
0,2,0.4,-2,0,-9,-56.4,0.3,19,8,-1.2,0,-1.2
2,1,-1,3.8,0.8,5.2,61,0,15,10,-1.6,-1,-0.60000000000000009
0,0,-0.2,-3.4,-1,4.8,-250.2,0.2,11,1,-1,-0.79999999999999982,-1
5,0,0,2.8,1.6,-7,367.2,0.3,2,11,0,1.2000000000000002,0.40000000000000013
3,0,-0.6,2.6,0.8,1.2,-10.6,0.1,13,9,-0.8,-0.60000000000000009,-0.19999999999999996
0,3,-0.6,-3.6,-0.2,-0.2,27.4,0.2,20,14,0.20000000000000007,0,-1.6
1,1,0,-3.2,-1,3.6,19.6,0,7,6,-0.80000000000000027,-0.19999999999999996,0
1,1,0,-3.8,-1.2,-1.6,-98.4,-0.4,15,3,0.19999999999999996,1.2,0
0,2,0.4,-4.8,1,-8.2,-107.2,-0.7,17,5,-0.60000000000000009,0.39999999999999991,-1.4
1,0,0.2,1.8,1.2,0,-11.4,0.7,9,16,0.20000000000000018,-0.39999999999999991,0.19999999999999996
2,1,-0.2,2.4,-0.8,4.4,-72,-0.6,3,2,-0.39999999999999991,-0.60000000000000009,-0.60000000000000009
0,0,0.4,1.8,0,0.4,-6.6,0.1,4,15,0,0.39999999999999991,0.99999999999999989
4,0,0,3.2,0.8,-7.6,283.4,0.2,1,9,-0.39999999999999991,1.4,0.79999999999999982
3,0,1,3,2.6,0.8,-19,0.4,6,12,0.60000000000000009,0.39999999999999991,0.79999999999999993
1,1,0.4,3.2,1.2,4.4,91.6,0.3,13,17,1.2,0.20000000000000018,-0.4
0,1,-1,-3,-1.2,0.4,77.4,-0.7,20,9,-0.4,-0.80000000000000027,-0.60000000000000009
0,2,-0.4,5.4,1,5.8,-56.2,0.1,14,8,-0.60000000000000009,-0.8,1.2000000000000002
1,0,0.4,3.4,0.4,4.4,208.8,0.4,7,17,0.4,-0.60000000000000009,1.4
1,0,0.8,4,1,11.6,34.8,0.6,5,19,2,-0.40000000000000013,1.4
5,0,1.2,-0.6,0.2,-6.2,-13.4,0.1,7,20,1.2000000000000002,1.2000000000000002,0.39999999999999997
0,1,-1.4,-4,-1,-10.8,-106.2,-0.9,18,4,-2.2,-0.39999999999999991,-1.2
1,4,-0.4,-4.8,-2,-3,-121.2,-0.5,19,12,-1.4000000000000001,-0.20000000000000018,-1
0,3,-1.4,-3,-2.4,6,-88.2,-0.7,16,6,-1.0000000000000002,-1,-0.6
0,1,0,-0.6,-0.6,6.2,0.4,-0.5,12,9,0.79999999999999982,0,0.20000000000000018
2,1,-0.2,-2.6,0.4,-1.2,-125.4,0.2,9,4,0,0.40000000000000013,-0.19999999999999996
3,0,0.2,-1,1,-3,-23.4,0.2,2,1,-0.19999999999999996,-0.39999999999999991,-0.19999999999999996
3,1,-0.6,-3.2,-1.4,-1.2,-95,-0.5,11,7,0,0.60000000000000009,-0.4
0,3,-0.4,-5.8,-1.6,-2.8,-52.2,-0.3,17,14,-0.39999999999999991,0.40000000000000013,-0.60000000000000009
3,2,-1.4,-7.6,-2.8,1,-294,-1,15,3,-2,0,-1.2
1,1,-0.2,2.6,0.8,-0.8,-24.8,0.3,9,11,0.20000000000000018,0.20000000000000018,0.79999999999999993
3,0,1.6,7.8,3.6,-1.4,275.2,1,3,17,1.2,0.39999999999999991,0.6
3,0,0.4,5,1,-1.2,189.6,0.4,4,14,-0.8,0,-0.39999999999999991
2,0,0.8,2.4,1.2,1.8,349,0.3,1,18,0.99999999999999989,2.2,1.6
5,2,1.2,4.2,3.6,1.2,158.8,0.6,5,19,2,0.60000000000000009,1
2,2,0.6,3.2,1.4,-0.2,163.8,0.3,12,16,1.0000000000000002,-0.19999999999999996,1
0,1,-0.2,-1.4,-0.6,-2.8,-34.4,0,20,15,-0.4,0.19999999999999996,-0.39999999999999997
1,0,-1,-1.4,-0.8,9.8,-208.2,-0.7,12,2,-0.60000000000000009,-2,0.60000000000000009
0,0,0.4,2.8,0,-3.2,202,0.3,8,9,-0.60000000000000009,0.19999999999999996,-0.39999999999999991
0,2,-0.4,1,-1.4,5.6,11.8,0.3,6,7,0.8,-1,1
1,1,0.4,-3.2,1.8,-7.2,-103.6,-0.4,7,5,0.79999999999999982,1,0.6
0,3,-2.4,-4.4,-4.2,-4.4,-258.8,-0.9,18,4,-2.4,-1.2,-1.2000000000000002
0,0,0,-3.6,-1,1.2,-153.8,0,19,9,-1.2,-0.60000000000000009,-1
1,3,-1,-4.2,-2.4,6.4,-251.6,-0.6,15,1,-0.39999999999999991,-2.2,-0.79999999999999993
2,3,-2,-8.4,-5,6.6,-202,-1.5,14,3,-1.2,-0.60000000000000009,0.39999999999999991
1,1,-0.8,-3.8,-2.4,-4.2,-41.8,-0.3,11,12,-0.19999999999999996,1.2000000000000002,-0.40000000000000013
4,0,-0.4,2.8,-1.2,-3.6,201,0,2,13,-1.0000000000000002,0.8,-0.19999999999999996
1,0,0.2,-2.4,0.2,-0.6,-90.6,-0.3,9,6,-0.60000000000000009,0.39999999999999991,-2
2,1,0.2,-1.4,0.8,0.6,-109,-0.2,16,20,0.2,-0.19999999999999996,0.39999999999999997
0,1,0.2,2,0.4,2,-57,0.3,16,8,-0.8,-0.20000000000000018,-2
2,0,-0.4,0.8,0,-11.6,-99.6,0.1,18,14,-0.39999999999999997,-1.2,-0.79999999999999993
3,1,-0.6,-5,-2,-6,-214.8,-0.3,19,5,-1,-0.60000000000000009,-0.6
0,5,-1.8,-8.8,-3,6.2,-320.6,-1.2,17,2,-0.40000000000000013,-2,0
1,1,1,6.6,1.8,0,248.6,0.8,1,9,0,0.79999999999999982,-0.60000000000000009
2,2,1.4,0.2,1,-7.2,177.8,0.6,4,12,0.60000000000000009,2,0.20000000000000018
0,4,-0.8,-3,-2.2,-0.6,94.6,-0.9,20,15,-0.8,-1.4,0
3,0,-1.4,-9.6,-3.4,0.6,-209.6,-1.5,7,3,-1,0.60000000000000009,-1
2,1,-1.6,-0.2,-4,0.2,104.8,-0.4,7,9,-0.8,-1,-0.39999999999999991
2,1,-1.4,-2.4,-1.8,1.2,-103,-0.4,15,13,-0.8,-0.40000000000000013,-0.6
3,0,0,-0.6,-0.8,-2.8,135.6,0.1,6,11,0,-0.19999999999999996,1.2000000000000002
2,1,0.2,-5,-0.4,3.4,-191.4,-0.3,8,1,0,-0.39999999999999991,0
1,1,0,-1.6,1.2,1,-119.8,-0.5,9,6,0.40000000000000013,0.19999999999999996,0
1,0,1.8,5.4,4,-1.8,143.4,1.7,3,20,1.8,1.7999999999999998,1.4000000000000001
0,2,-2.8,-3.4,-3.2,4.4,-196.4,-1,14,4,-2.6,-1.2000000000000002,-1.0000000000000002
1,1,0.2,-1.8,-0.2,6,71.6,-0.2,11,18,0.8,1.6,1.2
2,0,-0.4,5.8,0.6,6.2,259.8,0.5,5,9,-1,-1,0
2,1,1.4,12,4.2,-2,351.2,1.2,2,19,1,2,0.6
1,3,0.8,-2,0.4,0.4,-116.8,-0.1,13,7,-0.60000000000000009,-0.20000000000000018,0.19999999999999996
1,1,1,3,3.2,3.2,109.2,0.5,12,17,0.8,0.6,0.19999999999999996
3,1,1,5.6,2.2,0,48.2,0.8,15,16,0.19999999999999996,0.40000000000000013,-0.39999999999999997
1,0,-1.6,1.4,-2.2,-8.4,-126,0,16,9,-1.2,-1.8,-1
0,2,-0.2,-3,-2.8,-6,-191.4,0,19,12,-1,-0.19999999999999996,-1.6
0,0,-1,-3.4,-2.8,-3.2,-41.2,-0.3,16,13,0,-0.79999999999999993,0
5,3,-0.4,-0.6,0.6,-3.2,-114.4,-0.3,1,3,-0.40000000000000013,0.20000000000000018,0
1,1,0.6,-1.8,0.6,-1.6,212.6,-0.1,4,15,0.60000000000000009,0.8,1.4000000000000001
0,1,-0.8,1.2,-1.2,3.6,96.6,-0.5,20,8,-1.8,-1.2000000000000002,-1.4000000000000001
0,1,0.8,-1,1,0.2,-26.8,0.5,10,10,0.8,0.8,-0.20000000000000007
2,0,-0.4,-3.4,-1.2,-3.4,-99.6,-0.8,7,5,0.20000000000000018,0,0.6
0,4,-1.8,-8.6,-3.6,4.8,-350,-1.2,16,2,-1.2,-1,-0.6
2,0,0.6,-1.4,-0.8,-7.4,56.8,0.1,5,14,1.4,0.60000000000000009,0.8
3,2,0.2,-1,0.8,-3,150,-0.5,8,18,0.19999999999999996,0.60000000000000009,1.2
1,2,0.4,1.8,1.8,-1.2,-37,0.2,9,16,0.8,1.2000000000000002,0.20000000000000018
2,0,0.8,5.4,2.2,-0.6,188,0.7,3,5,0.40000000000000013,1,-0.60000000000000009
1,1,-1,-0.4,-0.2,0.8,5,-0.1,14,7,-2.2,-0.40000000000000013,0.19999999999999996
1,3,-0.6,-1.4,-0.2,-0.8,98.4,-1,11,19,0.39999999999999991,0.39999999999999991,0.8
0,2,-1.2,2.4,0,7,25.6,0.1,5,4,-0.80000000000000027,-0.60000000000000009,-1.8000000000000003
5,0,2.8,13,5.6,0.6,336.4,2.3,2,20,2.4,2.4,1.2
1,3,-1.6,-4.8,-4,5.2,-188.4,-0.7,13,1,-1.6,-1.4000000000000001,0.39999999999999991
3,1,0.4,6,2.8,5,136.6,0.9,10,11,0.40000000000000013,-1.2000000000000002,1.2000000000000002
1,1,1.2,5,1.4,5.6,120.4,1,15,17,0.20000000000000018,1,0.4
1,3,,,,,,,11,1,,-2.2,0.19999999999999996
0,1,,,,,,,11,1,,-1.4000000000000001,-1
1,0,,,,,,,1,11,,-0.59999999999999987,-1.0000000000000002
0,3,,,,,,,11,1,,-1.4000000000000001,-0.6
4,3,,,,,,,1,11,,,
2,0,,,,,,,1,11,,2.2,0.6
0,2,,,,,,,11,1,,0.39999999999999991,-0.99999999999999989
0,1,,,,,,,11,1,,0.80000000000000027,-0.39999999999999991
0,3,,,,,,,11,1,,,
0,2,,,,,,,11,1,,0.19999999999999996,-0.59999999999999987
2,1,3,-2,2,-2,168,1.4,1,15,3,1.2000000000000002,0.19999999999999996
1,0,0,5,4,-2,-199,-0.1,7,15,0,-1.2,0.39999999999999997
0,2,-1,-8,2,6,88,-1.4,7,1,0,0.39999999999999991,-0.19999999999999996
5,2,1,8,3,12,215,0.8,1,15,3,,
4,3,3,1,1,25,10,0.4,7,15,0,,
3,2,3,3,5,11,307,2.1,1,15,3,0.8,-1.6
1,3,0,8,4,-3,335,-0.1,7,1,0,1.4000000000000001,2
0,3,1,2,-1,-4,-130,0.5,7,7,3,0.19999999999999996,-0.40000000000000013
2,5,0,0,0,19,28,-0.3,15,7,0,-0.80000000000000027,1.0000000000000002
1,3,0,-14,-4,1,-137,-2.2,7,1,0,-1,0.19999999999999996
2,2,1,-2.5,-1.5,-0.5,-214,0.4,9,9,0,-2,-1.2
0,1,0,1,-3,-9,-199,-0.3,18,14,0,-0.39999999999999991,0.39999999999999991
1,2,-1,-7,-2,-0.5,-399,-1.2,4,1,0,-0.39999999999999991,-1.4
0,3,1,-7.5,0,2,11,-0.1,18,4,-1.5,0,0
3,1,0.5,6,-0.5,1.5,-78,0.2,1,4,0,0,-0.40000000000000013
2,5,-0.5,6.5,2.5,2.5,8,0.7,4,1,0,1,0.39999999999999991
0,1,-3.5,-1.5,-4,-15.5,-125.5,0,18,4,-1.5,,0.2
1,1,1.5,-1.5,4.5,-3,119.5,0.6,9,9,0,1,-0.19999999999999996
3,3,-0.5,-0.5,-1,-4,-183.5,-0.6,17,9,-1.5,-3,
3,0,-1,4,0,-7.5,40.5,0.6,14,14,-1.5,-0.60000000000000009,-0.39999999999999991
2,1,2,-0.4,2,-5,228,0.6,2,18,2,0.8,1.6
8,2,-1.7,-2.6,-0.7,3,-228,-1.1,2,2,-1,-0.8,-1.2000000000000002
4,0,0.3,3.3,3,-6.7,297,0.2,6,11,-0.66666666666666674,1.5999999999999999,0.6
4,2,0.7,-0.3,1,7.7,166.7,0.5,1,15,1.6666666666666667,1.4000000000000001,-0.20000000000000018
1,1,0.4,-7.3,-1.3,7.3,-127,-1.1,6,6,0,0,-1.8
0,3,2.4,-5,1,1.7,71,0.5,2,11,2,0.60000000000000009,-0.19999999999999996
1,6,-0.7,-1.7,-3.4,4.7,49.7,-0.9,15,6,0,-0.39999999999999991,1.4
3,1,0.3,-2.6,-1.6,2,-42.4,0,6,18,1.3333333333333333,-0.6,-0.60000000000000009
2,0,-0.7,1.7,1.3,4.7,204.7,0.7,11,17,0.66666666666666674,1.4,1.6
1,0,0,0,-0.7,8,22.7,0.1,11,18,1,0.60000000000000009,0.79999999999999993
3,3,1.2,2.8,0.5,-2.5,128.8,0.5,9,10,0.25,1,-0.40000000000000013
1,1,-0.7,-5.8,-1.8,4.5,-193,-0.8,10,16,0.5,0.60000000000000009,-1.4
2,2,0.2,-3.8,-0.2,8.5,-29.7,0,1,3,0.75,-1,0.19999999999999996
0,1,1.3,-0.5,3,7.7,14.8,0.3,10,6,0.25,0.19999999999999996,-0.8
0,2,-0.2,-8.7,-2.5,0.7,156.5,0.3,6,2,0,0,-0.19999999999999996
1,0,0,11.5,1.5,4,-15.5,0.5,3,6,-0.5,-0.20000000000000018,0.60000000000000009
0,4,0.2,-1.2,-2,-3,-184.3,0,10,10,0.75,-0.8,-1.2000000000000002
1,1,-0.5,-2.5,-1,3.8,-105.3,0,18,18,0,0,-0.39999999999999997
3,2,1.2,1,3,-2.5,189.2,0.5,3,15,0.25,0.20000000000000018,0
0,0,0.5,-3.5,0,1.5,-91.3,-0.5,17,18,0.25,-0.5,-1.4
0,1,-0.6,-0.4,-0.2,-5.2,53.8,-0.4,11,4,0,0.8,-0.19999999999999996
0,3,1,4.6,0.8,-7.6,-112.8,0.2,4,7,1,0.39999999999999991,-0.5
0,1,0.8,6.6,0.4,1.2,167.8,1.3,16,16,0.6,-0.099999999999999978,2
0,1,-2.4,-4.6,-4.4,-3.2,-176.2,-1.4,18,1,-1.8,-1.2000000000000002,-0.80000000000000027
1,2,-0.4,5.4,2,-7,173.6,0.2,18,7,-1.2,0.39999999999999991,0
2,1,2.2,9.6,3.6,-2.2,240.4,1.2,1,18,1.8,1.4000000000000001,1.6
0,0,-0.8,1,-0.2,-1,-58.6,-0.3,13,11,-0.20000000000000018,-1.4,1.2000000000000002
2,0,-1.2,-1.6,-0.2,-2.6,-30.6,-0.5,7,1,-1.2000000000000002,0.39999999999999991,-0.39999999999999991
1,1,0,-3.8,-1,1,-181.2,0.1,15,6,-0.8,-1,-0.39999999999999991
1,1,-0.2,2.2,1,3.4,77.4,-0.2,7,13,0.40000000000000013,1,-0.19999999999999996
3,4,0.8,4.4,0.6,0,-120.2,0.3,8,5,0.39999999999999991,0.39999999999999991,-0.60000000000000009
0,2,-1.4,-0.6,-1,-1.6,-241.4,-0.6,19,8,-1,-2.1999999999999997,0.39999999999999991
2,0,-0.2,4.8,0.2,-3,122.8,0.7,18,16,-0.8,0.099999999999999978,-0.4
1,4,0,7.8,3,3,30,0.6,12,3,0.19999999999999996,-0.5,-0.30000000000000004
2,1,0.2,4.8,2.2,-3.2,266.2,0.5,1,15,0.60000000000000009,1.2000000000000002,0.40000000000000013
0,1,0.6,5.4,0.8,2.6,20.8,0.4,14,8,-0.19999999999999996,-2,2
2,1,-1.6,-4.4,-2.8,-4,-175,-0.8,11,5,-1,-1,-0.8
0,1,-1,-7,-2.8,2.8,-275,-0.1,19,4,-1.4000000000000001,-1.5999999999999999,-2
2,1,1.6,1.6,3.2,0.4,65.4,0.5,1,16,1.6,1.6,0.60000000000000009
2,0,-0.6,3.8,-0.2,-5,171.6,-0.4,5,12,0,1.2,-0.39999999999999991
0,2,-2.4,-8.6,-4,-2.4,138.4,-0.9,11,5,-0.60000000000000009,0,-1
0,0,1,3,0.6,2.2,117.4,0.5,16,19,0.2,0.2,0.60000000000000009
4,1,1.8,4.6,3,-3.6,284.8,0.5,5,20,1.6,1.2,1
3,1,-0.4,-8.6,-3.4,0,-166.4,-1,8,14,-0.59999999999999987,-0.30000000000000004,-0.8
1,3,0.4,-1.4,0.2,5.2,-27.2,0,8,12,0.39999999999999991,1,-0.8
1,0,1,-5.8,0,2.4,-98.8,0.8,2,8,-0.19999999999999996,-0.8,0.40000000000000013
1,1,-1,0.4,-1.2,0,-10.8,-1.1,5,3,-0.39999999999999991,-0.20000000000000018,0.80000000000000027
2,0,1,4.2,2.2,2.4,134.2,-0.3,4,12,1,1.4,0.40000000000000013
0,1,-1.8,-5.2,-3,1.2,-154.4,-1.6,17,1,-1.6,-1.3,-1.6
1,0,1.2,-2.4,1,3.8,-146.2,0.3,14,18,0.59999999999999987,1,0.59999999999999987
1,2,2.2,5.8,4.6,-1.2,-135.4,0.9,6,16,1.4,1.4,0.20000000000000018
1,0,-1,-0.2,-1.4,-1.6,6.4,-0.3,17,10,-0.99999999999999989,-1,-0.19999999999999996
3,3,-0.8,2,-0.2,-6.8,-25.6,0.4,17,8,0,-1,-1
0,0,0.6,4.8,2,7,9,0.9,14,10,-0.39999999999999991,-1.4,0.8
2,0,0.6,6.2,2.4,-4.2,108.4,0.6,2,4,-0.19999999999999996,1.8,-1
1,0,1.4,3.4,1.8,-7.2,107.2,0.7,8,17,0.59999999999999987,-0.29999999999999993,1.8
0,1,-1.4,-5.4,-2.4,0,-266.8,-0.3,14,4,-0.80000000000000027,-0.8,-0.40000000000000013
0,1,-0.8,-3.4,-2,1,-6.8,-0.4,20,10,-1.2,-1.4000000000000001,-0.8
2,0,1.6,-0.8,0,7.2,-57.4,0.5,1,6,1.2,-0.39999999999999991,0.39999999999999991
1,2,-1.6,-2,-2.4,-7.8,-36.6,-0.3,10,3,-0.60000000000000009,0,-0.60000000000000009
1,2,-0.8,-3,-2,-1.2,-12.4,0.1,14,8,-0.59999999999999987,-0.19999999999999996,0
1,1,-1,-4.4,-3.4,4.6,-61.4,-1.3,16,2,-1.2000000000000002,-2.4,-0.20000000000000018
0,0,0.2,1.8,1.6,-4.6,164.8,-0.1,3,1,-0.79999999999999982,0,-1
0,2,0.6,3.2,2.2,1,53.4,0.4,14,11,0.59999999999999987,0.40000000000000013,0
0,1,0.4,-7.4,-0.6,2,-74.6,-0.7,11,11,-0.4,0.39999999999999991,0.30000000000000004
1,2,-0.2,-3.8,-0.6,5,-92.8,0,5,17,0.8,0.6,2.1999999999999997
5,0,0.6,6,3,-2.4,273.4,0.5,5,19,0.60000000000000009,2,1.2000000000000002
2,3,1,-2.2,-0.2,9.2,-63.2,-0.2,3,7,0.60000000000000009,2,-0.60000000000000009
1,0,-0.4,2.4,-0.2,0.8,32.6,-0.4,17,20,0.60000000000000009,0.3,0.8
2,1,-0.4,-5.4,-1.8,1.6,1.6,-0.3,8,10,0.19999999999999996,-0.19999999999999996,-1.2
2,0,0.4,8.6,2.8,-4.6,83.8,0.8,8,13,-0.79999999999999993,0,0.39999999999999991
1,2,-1.6,-3.6,-3,-6.6,-85.6,0.2,16,3,-1.4,-1.7999999999999998,-0.60000000000000009
1,1,-0.8,-2.2,-2.6,-6.6,-158.4,-0.2,19,12,0.60000000000000009,-0.79999999999999993,-0.39999999999999991
3,1,0.2,-7,-0.6,-5.6,43,-1.1,3,13,0.80000000000000027,0.60000000000000009,-0.19999999999999996
2,0,0.4,-1.2,0.4,-4,44,0.5,2,9,0.80000000000000027,1,-0.19999999999999996
2,0,0,3.8,1.8,-2.8,192.8,-0.3,5,17,0.20000000000000018,1.4,1.4000000000000001
1,2,-1,0.2,-0.4,1.4,-62.2,-0.4,20,5,-1.8,-1,-2.4
2,0,0.8,-1.8,0.4,0.8,-58.6,-0.1,1,15,1.8,0.19999999999999996,1.2000000000000002
1,4,-0.6,-1.4,-2.4,4,-32.4,-0.6,17,9,0,-0.60000000000000009,-0.39999999999999991
1,3,-0.2,-3.8,-1.2,0,-190.6,-0.5,9,7,0,1.6,-1.8
0,0,0,3.4,0,-0.2,138.6,0.3,14,19,-0.19999999999999996,0.6,0.99999999999999989
1,1,0,5,1.8,-1.8,95.4,0.2,11,1,-1.4000000000000001,-0.60000000000000009,-1.4000000000000001
1,0,-0.8,-3.4,-1,7.8,-66.6,-0.4,10,5,-2.2,-0.20000000000000018,-0.80000000000000027
1,1,-0.2,-2,-1.8,1.8,-132.2,0.1,17,2,-0.80000000000000027,-2.2,-0.39999999999999991
1,2,-0.4,3.2,-0.2,9.2,195.4,0.4,14,9,-1,-1,0.60000000000000009
3,0,0.6,1,1.2,1.4,94.8,0.4,4,16,0.8,0.6,1
0,0,0.2,-2,0,1.4,-90.4,-0.2,7,5,0.39999999999999991,-1.2,1
2,1,0.4,-2.4,-0.2,-3.4,-67.8,0.3,11,18,0.6,0.19999999999999996,1
3,0,2,3.8,1.8,5.8,118.6,0.1,2,20,2.4,1.6,2
0,1,-0.8,-4.4,-1.2,5.2,-47.2,-0.9,13,7,0,0.19999999999999996,0
1,2,-2,-0.4,-2.4,-10.6,-28,-0.1,15,1,-2,-1,-1.2000000000000002
0,0,1,7.2,2.2,-4.6,114,1.1,7,18,0.60000000000000009,0.6,1.2000000000000002
0,0,0.4,-1.8,0.8,-6,-36.4,0.1,17,16,0,0.4,0
5,2,0,6.4,1,9,211.4,1,13,13,-0.39999999999999991,-0.79999999999999993,0.8
0,2,0.2,2.2,-1.4,-3,115.4,0.3,5,9,0.8,-0.19999999999999996,1.4
2,1,0.2,2.8,2,-2,138.4,0.8,1,3,-0.40000000000000013,1,-1.0000000000000002
1,0,1,2.4,0.4,-4.6,210,1,4,18,1,1,1
2,3,-1.6,-5.4,-2.2,0.6,-196.8,-0.7,20,5,-2.6,-0.60000000000000009,-2.6
1,1,-0.2,0.8,0.2,-1.6,-36.2,0.2,10,12,1,0.60000000000000009,0
2,1,-1,-1.8,0,0.4,-169.8,-0.6,11,7,-1.4,-0.20000000000000018,0.19999999999999996
1,1,0.2,-0.2,-0.2,1.8,47.8,0.2,16,20,1,0.39999999999999997,0.8
2,1,-0.6,-5,-2.8,0,-78.8,-0.2,17,12,0,-0.59999999999999987,-0.6
3,0,-0.4,0.2,-0.2,2,175.2,0.3,7,10,-0.60000000000000009,0.20000000000000018,-0.19999999999999996
0,8,-0.4,0,-3,1.4,-162,-0.2,13,1,-1.2000000000000002,-2,0.39999999999999991
1,1,1,-1,2.8,4.2,-85.8,0.5,9,15,1.2000000000000002,0.59999999999999987,0.19999999999999996
6,2,0.4,-4.2,-0.2,-2.4,19.6,-0.3,4,14,1.2000000000000002,0.6,0.8
1,0,0,0.6,-0.6,-2.2,-48.4,-0.7,10,18,0,0.8,0.19999999999999996
0,1,0.6,-5.2,0,8,-113.4,-0.5,2,2,0.39999999999999991,0.39999999999999991,1.4000000000000001
0,1,0,-6.6,-1,1,-239.4,-0.7,4,4,0.40000000000000013,1.4000000000000001,-0.19999999999999973
0,3,-0.4,-6.8,-1.2,6.6,-87.8,-1.2,19,7,-0.79999999999999993,-0.19999999999999996,-1.7999999999999998
3,1,-0.8,-0.4,-1.8,-2.4,27.4,-0.6,14,8,-0.99999999999999989,-2,-0.59999999999999987
3,0,0.2,5.8,1.6,-6.2,68,1,5,14,1,-0.19999999999999996,1
0,0,-1.2,-4,-1,-6.6,-212.2,0.1,17,4,-0.8,-1.2,-1.8
1,0,1.4,8.4,3,4.2,226.6,1,11,17,0,0,1
1,2,-1.6,-1.4,-3.4,-0.4,62.4,-0.6,7,3,-0.8,0.19999999999999996,-0.60000000000000009
1,1,2.2,3.2,3.4,1,285.8,0.9,1,19,1.6,2,0.20000000000000007
2,0,0.4,5,0.4,-2,286.4,0.7,2,11,0.8,0.8,0.39999999999999991
0,1,-0.2,-2.2,-2,0.4,-93.6,-0.2,20,8,-1.4000000000000001,-1.2,-1
2,2,0.6,-0.2,0.2,-4.6,-64.4,-0.7,10,16,0.79999999999999993,1,0.8
1,1,0.2,4.4,1.2,-2,38.2,0.3,11,5,0.19999999999999996,-1.2000000000000002,-0.40000000000000013
0,1,-0.2,-0.4,0,3.2,-46.4,0.1,17,12,-0.4,0.39999999999999997,0
1,0,-0.2,2.8,1.6,-2.2,23.4,0.4,16,20,1,1.2,0.60000000000000009
1,1,-0.2,-3.8,-1.2,4.4,75.8,-0.4,8,5,-1.4000000000000001,1.4000000000000001,-1
1,1,-0.2,-1.6,1,-3.4,-123.8,-0.2,15,7,-0.8,-0.19999999999999996,-1
1,3,0,-4.6,-0.8,2.8,-265.2,-0.8,9,1,-0.39999999999999991,-1.6,-0.60000000000000009
1,0,2,2.6,2.2,1.8,42.4,1.1,2,14,1.8,0.20000000000000018,1.8
0,0,-1.8,-4.6,-2.8,-4.6,-332.2,-0.8,12,2,-1.0000000000000002,-1.2,-0.59999999999999987
0,0,0.2,-1.8,-0.2,7.6,130,0,4,11,1,0.19999999999999996,1.4000000000000001
1,1,0.8,-0.6,0.2,5.8,41,-0.2,5,18,0.4,1.2,0.8
0,4,-1.4,-7.8,-2.8,-3.4,-174.8,-1.2,19,10,-1,0,-0.6
3,2,-0.2,0.8,-1.2,0.2,30,0.4,16,15,-0.20000000000000007,-0.79999999999999993,0.4
1,1,0.2,-2.4,0.2,1.4,-87.4,0,17,18,0.8,0.8,0
1,3,-0.2,-1,-1.4,4.8,-120,0.1,8,1,-1.8,-0.39999999999999991,-0.60000000000000009
2,0,0,1.8,1,-1,33.2,0,13,20,0.39999999999999997,0.8,1.2
0,1,0.2,-3,-0.2,-2.2,-32.4,0.2,9,9,0.8,-0.8,-0.39999999999999991
2,1,0.8,-3.2,0.6,6.8,99.6,-0.2,2,7,0.39999999999999991,1.2,1
1,2,-0.2,-4.6,0.6,-6.8,-197.8,-0.5,14,6,0,0.8,-1.2
1,0,-1.4,-3.4,-1.8,8.4,-146.6,-0.8,3,3,-0.19999999999999996,-1.6,1.2000000000000002
3,0,-1.8,-5.4,-1.8,3.6,-107,-0.7,5,12,-1.2000000000000002,1.2,0.40000000000000013
0,4,-0.8,-7.6,-2.2,1.6,-213,-1,19,11,-1.4000000000000001,0.39999999999999997,-1
0,0,1.2,6.2,1.8,-4.6,112.2,1.1,12,13,1,-0.19999999999999996,0.8
0,2,0.4,6.8,2.2,-5.6,-15.8,0.6,7,3,0.60000000000000009,-0.60000000000000009,0.8
1,2,-2.4,-4.4,-4,-4.2,-49.8,-1.2,18,2,-2.2,-0.60000000000000009,-2.2
3,0,1.8,7.6,2.2,-6.4,37.8,1,10,5,0.19999999999999996,0,-1.4000000000000001
2,0,-0.4,0,-1.4,5,-20.2,-0.5,4,10,0.59999999999999987,-1.0000000000000002,0.8
0,1,1.4,6.6,1.2,-0.4,372.6,0.5,5,16,0,0.60000000000000009,0.79999999999999993
1,0,0.8,3.6,2.6,-3,158,0.5,1,17,1.8,2,1
1,0,-0.2,-0.6,0,3.6,87.8,0.1,20,14,-0.60000000000000009,-2,-0.39999999999999997
2,1,0.6,4.6,1,3.6,157,0.4,8,19,1,1,1.2
1,2,0.2,3.2,1,1.4,58.6,0,15,8,-0.59999999999999987,0.59999999999999987,-1
3,0,1.4,6.4,2.6,-0.2,246.8,1.2,11,14,1.4000000000000001,-1,1
0,0,0.6,7.6,2.8,3.8,-28.8,1.2,8,9,0,0.59999999999999987,-0.20000000000000018
0,1,-0.6,0,-0.6,-3.6,-128.2,-0.6,18,9,-0.20000000000000007,-1.4000000000000001,0.20000000000000007
0,1,0.8,2.2,2.2,2,32.6,0.2,12,16,0.8,1.4,0.19999999999999996
2,0,1.2,3,-0.2,-5,5.2,0.8,4,6,1,-0.19999999999999996,0
0,0,-0.8,1.6,-2.4,-4.8,161.8,-0.4,5,2,-2,0,-1.6
4,0,1.4,5.2,2.6,-3.2,248,1.3,1,13,2,2,1
1,3,-1,-2.2,-1.8,-3,-2.6,-0.6,20,3,-0.8,-1.4,-1
1,0,0,1.6,-0.2,2.6,107.2,-0.1,7,17,-0.39999999999999991,-0.39999999999999991,0.39999999999999991
2,3,0.6,6.6,1.8,0.6,209.4,0.5,15,19,0,0.20000000000000007,0.39999999999999997
0,0,0.6,-2.6,-0.6,1.8,27,0.2,17,18,0.79999999999999993,0.19999999999999996,0
3,2,-0.4,-5,-0.4,-5.6,-40.4,-0.5,14,9,0.39999999999999991,0.80000000000000027,-0.39999999999999991
0,0,-0.4,0,-1,0.2,75,0.5,9,14,0.60000000000000009,0.8,0
2,3,-0.6,-3.8,-1.6,5,-47.2,-0.9,13,6,-1.2000000000000002,-0.60000000000000009,-1
1,1,-0.8,-3.8,-0.4,-5.6,-37,-0.7,9,3,-0.60000000000000009,-0.39999999999999991,0.20000000000000018
1,2,1,1.2,2.2,0.2,-4.6,0.7,2,20,2,2,2.8
1,2,-1.4,-5.2,-2.6,-3.2,-241,-0.8,14,12,-1.6,-0.60000000000000009,-0.6
1,3,-2,-7.4,-3,6.6,-100.4,-1.4,7,8,-1.6,0.39999999999999991,0.39999999999999991
1,3,1.8,-4.6,1.2,6.8,-177,0.4,3,5,1.6,0,0
0,5,-1.6,-7.6,-3.6,3.4,-354,-0.9,19,1,-2.2,-2.4,-1.8
0,0,1,1.2,1,-4.2,0.6,0.5,10,2,0.60000000000000009,-1,-1
1,0,-1.2,-1.8,-1.6,0.8,-81,-0.4,15,4,-0.60000000000000009,-1,-0.60000000000000009
2,0,-0.6,4,0.8,3,306.6,0.3,7,16,-1,-0.60000000000000009,-0.4
1,0,0,-5,-1.4,5.6,-62.6,-0.5,13,16,0.8,0.19999999999999996,0.8
0,2,0.4,-1.6,0.2,-1,89.8,0.1,12,14,0.8,-0.39999999999999991,2.2
1,3,-0.2,1.8,-0.2,2,-35.8,0.5,4,10,0.40000000000000013,-0.19999999999999996,0.8
1,0,2.4,5.6,3.2,-3.4,165.8,0.8,1,20,1.8,2.4,1.2
0,2,-0.4,-2.2,0,2,40.4,-0.3,7,7,0.4,0,0.60000000000000009
2,2,0.2,-6,-1.2,1.8,-124.2,0.1,19,18,0,-0.8,-0.39999999999999997
1,2,0.8,-3.4,0.6,1.8,-169.2,0.3,6,3,1.6,-0.39999999999999991,0.39999999999999991
1,3,-0.6,0.2,0,3,25.8,-0.6,8,6,-1.5999999999999999,0,-0.60000000000000009
0,2,-1.8,-7.2,-3,1.4,-287.2,-1.2,17,1,-1.6,-0.79999999999999982,-1.6
0,2,-0.8,-2.4,-1.2,-4.6,-16,-0.5,18,3,-1.4,-1.2000000000000002,-1.6
1,2,1,0.8,1.4,6.8,26,0.5,11,8,0.8,0.8,-1.0000000000000002
0,1,0,6,1.4,-7.6,186.6,0.3,4,14,-0.60000000000000009,0.60000000000000009,0.60000000000000009
8,0,0.6,1.2,0.8,-2.4,92.8,0.4,2,8,1,0.60000000000000009,1.2000000000000002
1,2,-0.2,2.8,0.6,-3.4,-108.4,0.2,15,13,-0.79999999999999993,0.39999999999999991,-1
2,1,-0.4,2.8,0.4,-0.2,88.8,-0.1,20,19,0.39999999999999991,0.6,0
0,1,1,-1.8,-0.8,1.6,-179.4,0.3,5,7,0.40000000000000013,-0.20000000000000018,1
2,1,-1,-5,-2.6,0.4,-81.4,-1,15,11,-2,-0.8,-1.8
1,0,-0.4,-1.2,-0.2,1.4,-42,-0.2,8,12,-0.8,-0.60000000000000009,-0.60000000000000009
1,1,0.2,-5.8,-1,-2,-82.8,-0.7,17,14,-0.8,1,-0.60000000000000009
0,0,-1.4,-3.6,-1.6,2.8,38.4,-1,18,7,-2,-1.2000000000000002,-1.4
2,0,0.8,2.8,2.8,4.4,57,0.5,9,13,0.40000000000000013,0.8,0.19999999999999996
1,4,-1.6,2.6,-1.6,-0.2,-71,0,5,1,-1.6,-2,-1.4
3,3,1.2,5.4,2,3.6,209,1.2,2,10,0,1.4,0
4,3,0.6,1.4,-0.4,-6,-65.6,0,14,11,0.6,-0.59999999999999987,-0.8
0,2,0.4,-3,-0.8,0.6,-255.4,-0.1,20,6,-0.19999999999999996,-0.40000000000000013,-0.39999999999999991
2,0,-0.2,1.2,0.4,-2.8,199.2,-0.5,4,19,0.39999999999999991,0.8,0.8
0,0,-0.6,-3,-2,-5.4,51.8,-0.5,16,3,-1.2,-0.40000000000000013,-2
4,2,-0.2,2.4,-1,-6.6,-46.8,0.2,9,9,-0.40000000000000013,-0.19999999999999996,0.19999999999999996
0,0,-0.4,-1,-2.4,1,-77.2,0.1,14,8,0.80000000000000027,0.60000000000000009,0.20000000000000018
2,0,-0.4,0.4,0,0.2,353.8,0.1,4,16,1.4000000000000001,0.8,0.6
0,3,0.2,-2,-0.6,-0.6,69.2,0,13,17,0.39999999999999991,-0.60000000000000009,0.19999999999999996
0,2,0.8,-3.2,1,-1.8,-121.4,0.1,11,18,0.6,0,1.8
3,1,0,3.2,1.8,5.6,-95.4,-0.1,3,7,0.20000000000000018,0.19999999999999996,0.20000000000000018
3,0,2,2.6,1.8,-2.4,98.2,1.3,1,5,1.8,2.2,1.6
1,2,0,1.4,0.6,4.4,13.2,0.2,12,14,-1,-0.59999999999999987,0.60000000000000009
1,1,-1.2,-8.6,-3.4,4.2,-287,-0.7,19,2,-0.39999999999999991,-2.1999999999999997,-1.4000000000000001
3,0,0.6,4.4,0.8,-4.4,2.6,1,5,20,0.8,0.40000000000000013,1.2
